5.0,0.0,1.0,0.0,0.0,0.0,1.0,0.0,0.0,1.0,1.0,0.0,0.0,0.0,1.0,0.0,0.0,1.0,1.0,0.0,1.0,0.0,1.0,0.0,1.0,0.0,0.7663214832618607,0.897253593955577,0.7705779657201791,0.8826387123507431,0.7711341031084589,0.8829435223742854,0.7777394402062651,0.8680927526740385,0.7575668972899913,0.7985537565083692,1.0,0.0,1.0,0.0,0.0,0.0,1.0,4.0
5.0,0.0,1.0,0.0,0.0,0.0,1.0,0.0,0.0,1.0,1.0,0.0,0.0,0.0,1.0,0.0,0.0,1.0,1.0,0.0,1.0,0.0,1.0,0.0,1.0,0.0,0.7614313283159275,0.7279785778704347,0.7711644571196128,0.9038253348771739,0.7896695804184608,0.9208633577971015,0.9128468579865923,0.7732243540312158,0.9607192351023174,0.7795498338584046,1.0,0.0,1.0,0.0,0.0,0.0,1.0,4.0
5.0,0.0,1.0,0.0,0.0,0.0,1.0,0.0,0.0,1.0,1.0,0.0,0.0,0.0,1.0,0.0,0.0,1.0,1.0,0.0,1.0,0.0,1.0,0.0,1.0,0.0,0.7582270558901493,0.7616989813256759,0.760850909930516,0.8750239603214863,0.7640210717237188,0.8815540215388667,0.7583413557690466,0.7129943277877088,0.6813922124687144,0.7270904138119216,1.0,0.0,1.0,0.0,0.0,0.0,1.0,4.0
5.0,0.0,1.0,0.0,0.0,0.0,1.0,0.0,0.0,1.0,1.0,0.0,0.0,0.0,1.0,0.0,0.0,1.0,1.0,0.0,1.0,0.0,1.0,0.0,1.0,0.0,0.7482748863943723,0.9177768089284194,0.7698369483279146,0.8824115409324064,0.7718258632019029,0.8822979403644736,0.7934427950542037,0.9282151633197679,0.6524450739939899,0.7751597284890782,1.0,0.0,1.0,0.0,0.0,0.0,1.0,4.0
5.0,0.0,1.0,0.0,0.0,0.0,1.0,0.0,0.0,1.0,1.0,0.0,0.0,0.0,1.0,0.0,0.0,1.0,1.0,0.0,1.0,0.0,1.0,0.0,1.0,0.0,0.7877082273977352,0.9065238010615392,0.7703435525886688,0.8824852160213041,0.7706112574855751,0.8824706646266245,0.7778321595177389,0.8520894770794586,0.8521530713376019,0.7827182222552818,1.0,0.0,1.0,0.0,0.0,0.0,1.0,4.0
5.0,0.0,1.0,0.0,0.0,0.0,1.0,0.0,0.0,1.0,1.0,0.0,0.0,0.0,1.0,0.0,0.0,1.0,1.0,0.0,1.0,0.0,1.0,0.0,1.0,0.0,0.7663407254351822,0.8984727040109789,0.7703026657208548,0.882120121828681,0.7716857809694528,0.8825471995790554,0.7762459982352337,0.8641430783430797,0.8560802261698865,0.7939030931663789,1.0,0.0,1.0,0.0,0.0,0.0,1.0,4.0
5.0,0.0,1.0,0.0,0.0,0.0,1.0,0.0,0.0,1.0,1.0,0.0,0.0,0.0,1.0,0.0,0.0,1.0,1.0,0.0,1.0,0.0,1.0,0.0,1.0,0.0,0.7650026769016477,0.9065184869076091,0.7709864987755768,0.8822650199384384,0.7710215379585732,0.8822914010210726,0.7778440569948356,0.8577900219793512,0.6824796198226979,0.7866989409307474,1.0,0.0,1.0,0.0,0.0,0.0,1.0,4.0
5.0,0.0,1.0,0.0,0.0,0.0,1.0,0.0,0.0,1.0,1.0,0.0,0.0,0.0,1.0,0.0,0.0,1.0,1.0,0.0,1.0,0.0,1.0,0.0,1.0,0.0,0.7651385328954333,0.899676408515622,0.7703416850330603,0.8826226683469025,0.7710232482852198,0.8829154449213625,0.7778394840381659,0.8664302970436383,0.8414667923408703,0.7816578483177521,1.0,0.0,1.0,0.0,0.0,0.0,1.0,4.0
5.0,0.0,1.0,0.0,0.0,0.0,1.0,0.0,0.0,1.0,1.0,0.0,0.0,0.0,1.0,0.0,0.0,1.0,1.0,0.0,1.0,0.0,1.0,0.0,1.0,0.0,0.7483020115235133,0.762372790997456,0.7593432749894142,0.8754866398869929,0.7600729315066155,0.883631409087048,0.7498878144320695,0.7051430190820577,0.6763772276327231,0.7246680616846918,1.0,0.0,1.0,0.0,0.0,0.0,1.0,4.0
5.0,0.0,1.0,0.0,0.0,0.0,1.0,0.0,0.0,1.0,1.0,0.0,0.0,0.0,1.0,0.0,0.0,1.0,1.0,0.0,1.0,0.0,1.0,0.0,1.0,0.0,0.6685619908860942,0.7852380300448581,0.775431155326478,0.9133405951104516,0.7802119309519547,0.9208881034306582,0.9151904329722124,0.8137194424998446,0.9547728079294135,0.8122752818234366,1.0,0.0,1.0,0.0,0.0,0.0,1.0,4.0
5.0,0.0,1.0,0.0,0.0,0.0,1.0,0.0,0.0,1.0,1.0,0.0,0.0,0.0,1.0,0.0,0.0,1.0,1.0,0.0,1.0,0.0,1.0,0.0,1.0,0.0,0.7649969680472631,0.9065184869076091,0.7709864987755768,0.8822615890773681,0.7710215379585732,0.8822851285939697,0.7778440569948356,0.8572862854050908,0.680999579920832,0.7817423844644841,1.0,0.0,1.0,0.0,0.0,0.0,1.0,4.0
5.0,0.0,1.0,0.0,0.0,0.0,1.0,0.0,0.0,1.0,1.0,0.0,0.0,0.0,1.0,0.0,0.0,1.0,1.0,0.0,1.0,0.0,1.0,0.0,1.0,0.0,0.7637608610311047,0.9124954853263011,0.7703706548741983,0.8827280648964454,0.7714899788649793,0.8823583257159455,0.7638302981986133,0.9154666909816259,0.6718407869747335,0.7848516360902427,1.0,0.0,1.0,0.0,0.0,0.0,1.0,4.0
5.0,0.0,1.0,0.0,0.0,0.0,1.0,0.0,0.0,1.0,1.0,0.0,0.0,0.0,1.0,0.0,0.0,1.0,1.0,0.0,1.0,0.0,1.0,0.0,1.0,0.0,0.766565753194989,0.8984727040109789,0.7703028775336072,0.882120121828681,0.7716861049755201,0.8825471995790554,0.7762459982352337,0.8643142834232073,0.8460123500260841,0.7939041954271948,1.0,0.0,1.0,0.0,0.0,0.0,1.0,4.0
5.0,0.0,1.0,0.0,0.0,0.0,1.0,0.0,0.0,1.0,1.0,0.0,0.0,0.0,1.0,0.0,0.0,1.0,1.0,0.0,1.0,0.0,1.0,0.0,1.0,0.0,0.7613572580517725,0.9123995002689478,0.7703838080086938,0.8844244377410736,0.7711596877122769,0.8841536537281962,0.7638641588958381,0.9154666474403637,0.6525686420906025,0.7987300374638681,1.0,0.0,1.0,0.0,0.0,0.0,1.0,4.0
5.0,0.0,1.0,0.0,0.0,0.0,1.0,0.0,0.0,1.0,1.0,0.0,0.0,0.0,1.0,0.0,0.0,1.0,1.0,0.0,1.0,0.0,1.0,0.0,1.0,0.0,0.7635203438956156,0.9167535124523783,0.7702281833661468,0.88204969743928,0.7716390160687109,0.8824534349095693,0.7795090570781917,0.847749774834607,0.8637361742566975,0.7767609433165595,1.0,0.0,1.0,0.0,0.0,0.0,1.0,4.0
5.0,0.0,1.0,0.0,0.0,0.0,1.0,0.0,0.0,1.0,1.0,0.0,0.0,0.0,1.0,0.0,0.0,1.0,1.0,0.0,1.0,0.0,1.0,0.0,1.0,0.0,0.7631862011322909,0.8741126539475412,0.7708082958405535,0.8823394615859874,0.7709932705358135,0.8822926768142929,0.7769318388746639,0.8589762180836437,0.6716188145075211,0.7495487750408493,1.0,0.0,1.0,0.0,0.0,0.0,1.0,4.0
5.0,0.0,1.0,0.0,0.0,0.0,1.0,0.0,0.0,1.0,1.0,0.0,0.0,0.0,1.0,0.0,0.0,1.0,1.0,0.0,1.0,0.0,1.0,0.0,1.0,0.0,0.7510158219401492,0.8976530593778334,0.7704026834750355,0.8826211009459597,0.7706770965400813,0.882317187428426,0.7628958473558817,0.9064978241514332,0.6815318479710303,0.7700747166618584,1.0,0.0,1.0,0.0,0.0,0.0,1.0,4.0
5.0,0.0,1.0,0.0,0.0,0.0,1.0,0.0,0.0,1.0,1.0,0.0,0.0,0.0,1.0,0.0,0.0,1.0,1.0,0.0,1.0,0.0,1.0,0.0,1.0,0.0,0.7631783085782006,0.9122568353701166,0.7707942398894058,0.8824946064692609,0.7709283875488441,0.8823395556112298,0.7648491385860032,0.9130780081742111,0.6815797891587182,0.7706751598928643,1.0,0.0,1.0,0.0,0.0,0.0,1.0,4.0
5.0,0.0,1.0,0.0,0.0,0.0,1.0,0.0,0.0,1.0,1.0,0.0,0.0,0.0,1.0,0.0,0.0,1.0,1.0,0.0,1.0,0.0,1.0,0.0,1.0,0.0,0.7464032997922551,0.8978938893415954,0.7707608238696673,0.8826211009459597,0.7708900596409066,0.8823774577905308,0.7768346263105619,0.9141976995342764,0.6377094594569972,0.8238345229740841,1.0,0.0,1.0,0.0,0.0,0.0,1.0,4.0
5.0,0.0,1.0,0.0,0.0,0.0,1.0,0.0,0.0,1.0,1.0,0.0,0.0,0.0,1.0,0.0,0.0,1.0,1.0,0.0,1.0,0.0,1.0,0.0,1.0,0.0,0.7595582425227594,0.9093900752468524,0.7703124243875625,0.8823324287848906,0.7711616995749019,0.8822549781750894,0.7622121748612816,0.9136478017396593,0.677730740175071,0.7528514969283753,1.0,0.0,1.0,0.0,0.0,0.0,1.0,4.0
5.0,0.0,1.0,0.0,0.0,0.0,1.0,0.0,0.0,1.0,1.0,0.0,0.0,0.0,1.0,0.0,0.0,1.0,1.0,0.0,1.0,0.0,1.0,0.0,1.0,0.0,0.7663407254351822,0.8984727040109789,0.7703028693401627,0.882120121828681,0.7715041427257789,0.8825210595221126,0.7778295608625497,0.8643171049554379,0.8459617759794194,0.793904199839373,1.0,0.0,1.0,0.0,0.0,0.0,1.0,4.0
5.0,0.0,1.0,0.0,0.0,0.0,1.0,0.0,0.0,1.0,1.0,0.0,0.0,0.0,1.0,0.0,0.0,1.0,1.0,0.0,1.0,0.0,1.0,0.0,1.0,0.0,0.761042249014581,0.912486265995931,0.7703213852227849,0.8826292300060871,0.7706983000066633,0.8823676615435506,0.7635630849833374,0.9154208004509677,0.6634339357981033,0.781149545556697,1.0,0.0,1.0,0.0,0.0,0.0,1.0,4.0
5.0,0.0,1.0,0.0,0.0,0.0,1.0,0.0,0.0,1.0,1.0,0.0,0.0,0.0,1.0,0.0,0.0,1.0,1.0,0.0,1.0,0.0,1.0,0.0,1.0,0.0,0.7481968741229889,0.9124088455504419,0.7703592398214945,0.8823707124749975,0.7715157390131091,0.8823094751036563,0.7869773230479008,0.9248422238675232,0.6529532594790338,0.7708037291049235,1.0,0.0,1.0,0.0,0.0,0.0,1.0,4.0
5.0,0.0,1.0,0.0,0.0,0.0,1.0,0.0,0.0,1.0,1.0,0.0,0.0,0.0,1.0,0.0,0.0,1.0,1.0,0.0,1.0,0.0,1.0,0.0,1.0,0.0,0.7671700880725589,0.8711686834649597,0.7710386324041765,0.8822549966516751,0.7711486769922072,0.8822597664698613,0.777902647465249,0.8618157457091913,0.6678075576116097,0.7544282984783265,1.0,0.0,1.0,0.0,0.0,0.0,1.0,4.0
5.0,0.0,1.0,0.0,0.0,0.0,1.0,0.0,0.0,1.0,1.0,0.0,0.0,0.0,1.0,0.0,0.0,1.0,1.0,0.0,1.0,0.0,1.0,0.0,1.0,0.0,0.7645044102484317,0.912494743736914,0.7699057072668055,0.8823316747430038,0.7714666806936051,0.8823802542957436,0.766089487888116,0.915487928339812,0.6724676919535446,0.7846430671830494,1.0,0.0,1.0,0.0,0.0,0.0,1.0,4.0
5.0,0.0,1.0,0.0,0.0,0.0,1.0,0.0,0.0,1.0,1.0,0.0,0.0,0.0,1.0,0.0,0.0,1.0,1.0,0.0,1.0,0.0,1.0,0.0,1.0,0.0,0.7482748863943723,0.917808072894395,0.7698206029509583,0.8824115409324064,0.7718258632019029,0.8822979403644736,0.7935108996148116,0.9282151633197679,0.6524147256557514,0.7754507467693266,1.0,0.0,1.0,0.0,0.0,0.0,1.0,4.0
5.0,0.0,1.0,0.0,0.0,0.0,1.0,0.0,0.0,1.0,1.0,0.0,0.0,0.0,1.0,0.0,0.0,1.0,1.0,0.0,1.0,0.0,1.0,0.0,1.0,0.0,0.7610040278939927,0.9122568353701166,0.7703660191478889,0.8824946064692609,0.7709283875488441,0.8823943420351652,0.7648491385860032,0.9140209445268809,0.6815797891587182,0.7784774285976632,1.0,0.0,1.0,0.0,0.0,0.0,1.0,4.0
5.0,0.0,1.0,0.0,0.0,0.0,1.0,0.0,0.0,1.0,1.0,0.0,0.0,0.0,1.0,0.0,0.0,1.0,1.0,0.0,1.0,0.0,1.0,0.0,1.0,0.0,0.7613572580517725,0.9123975513443366,0.7703612001457273,0.8848204838132829,0.7710176742086495,0.8840454281547279,0.7637504821540309,0.9154637005632404,0.6512518857271886,0.7918031307843056,1.0,0.0,1.0,0.0,0.0,0.0,1.0,4.0
5.0,0.0,1.0,0.0,0.0,0.0,1.0,0.0,0.0,1.0,1.0,0.0,0.0,0.0,1.0,0.0,0.0,1.0,1.0,0.0,1.0,0.0,1.0,0.0,1.0,0.0,0.7665993426467175,0.8711686834649597,0.770974237633716,0.8822549966516751,0.7711291275121216,0.8822597664698613,0.7779026021799675,0.861531712523042,0.6678075576116097,0.752220748307541,1.0,0.0,1.0,0.0,0.0,0.0,1.0,4.0
5.0,0.0,1.0,0.0,0.0,0.0,1.0,0.0,0.0,1.0,1.0,0.0,0.0,0.0,1.0,0.0,0.0,1.0,1.0,0.0,1.0,0.0,1.0,0.0,1.0,0.0,0.7663792258586516,0.8978712815980994,0.7706031474781916,0.882619007008052,0.7711601600822852,0.8829453098718474,0.7769639874893032,0.8680780618136973,0.762324493369593,0.7849399198117686,1.0,0.0,1.0,0.0,0.0,0.0,1.0,4.0
5.0,0.0,1.0,0.0,0.0,0.0,1.0,0.0,0.0,1.0,1.0,0.0,0.0,0.0,1.0,0.0,0.0,1.0,1.0,0.0,1.0,0.0,1.0,0.0,1.0,0.0,0.7635203438956156,0.9167535124523783,0.7702281833661468,0.88204969743928,0.7716382194092922,0.8824534349095693,0.7795090570781917,0.847749774834607,0.8637361742566975,0.7767609433165595,1.0,0.0,1.0,0.0,0.0,0.0,1.0,4.0
5.0,0.0,1.0,0.0,0.0,0.0,1.0,0.0,0.0,1.0,1.0,0.0,0.0,0.0,1.0,0.0,0.0,1.0,1.0,0.0,1.0,0.0,1.0,0.0,1.0,0.0,0.7663792258586516,0.8978613565835205,0.7705995821718237,0.8826457131805077,0.7711536430728853,0.8829817786392092,0.7769631932641531,0.8681646419049002,0.7572468824074683,0.7830158979942206,1.0,0.0,1.0,0.0,0.0,0.0,1.0,4.0
5.0,0.0,1.0,0.0,0.0,0.0,1.0,0.0,0.0,1.0,1.0,0.0,0.0,0.0,1.0,0.0,0.0,1.0,1.0,0.0,1.0,0.0,1.0,0.0,1.0,0.0,0.766398493717875,0.89728098954369,0.7709575900216035,0.8823594678549805,0.7716410148121022,0.8829425392558614,0.7763927374039867,0.8679851709038787,0.8343844910523535,0.7981895963033786,1.0,0.0,1.0,0.0,0.0,0.0,1.0,4.0
5.0,0.0,1.0,0.0,0.0,0.0,1.0,0.0,0.0,1.0,1.0,0.0,0.0,0.0,1.0,0.0,0.0,1.0,1.0,0.0,1.0,0.0,1.0,0.0,1.0,0.0,0.746614250190384,0.8975183579407363,0.7706002848081592,0.8823264681067956,0.7709118994847454,0.8823934647860653,0.7776478965294241,0.9141976995342764,0.635446919596746,0.7919443805761048,1.0,0.0,1.0,0.0,0.0,0.0,1.0,4.0
5.0,0.0,1.0,0.0,0.0,0.0,1.0,0.0,0.0,1.0,1.0,0.0,0.0,0.0,1.0,0.0,0.0,1.0,1.0,0.0,1.0,0.0,1.0,0.0,1.0,0.0,0.7593843252667203,0.9124952206397835,0.7703025543042159,0.8820311787963844,0.7716967838416948,0.8822764833739569,0.7598412515573764,0.9152626390167302,0.6783024639901385,0.780915661178207,1.0,0.0,1.0,0.0,0.0,0.0,1.0,4.0
5.0,0.0,1.0,0.0,0.0,0.0,1.0,0.0,0.0,1.0,1.0,0.0,0.0,0.0,1.0,0.0,0.0,1.0,1.0,0.0,1.0,0.0,1.0,0.0,1.0,0.0,0.7491670692921181,0.9011626445149054,0.7706002848081592,0.8823550891351503,0.7709118994847454,0.8823934647860653,0.7777709699426415,0.9141976995342764,0.635446919596746,0.7919443805761048,1.0,0.0,1.0,0.0,0.0,0.0,1.0,4.0
5.0,0.0,1.0,0.0,0.0,0.0,1.0,0.0,0.0,1.0,1.0,0.0,0.0,0.0,1.0,0.0,0.0,1.0,1.0,0.0,1.0,0.0,1.0,0.0,1.0,0.0,0.7631783085782006,0.9122568353701166,0.7707942398894058,0.8824946064692609,0.7709283875488441,0.8823943420351652,0.7648491385860032,0.9131654021232888,0.6815797891587182,0.7784774285976632,1.0,0.0,1.0,0.0,0.0,0.0,1.0,4.0
5.0,0.0,1.0,0.0,0.0,0.0,1.0,0.0,0.0,1.0,1.0,0.0,0.0,0.0,1.0,0.0,0.0,1.0,1.0,0.0,1.0,0.0,1.0,0.0,1.0,0.0,0.7649918841394221,0.8978064610578392,0.7710356380089555,0.8820954405401247,0.7709826126280334,0.8825509692425403,0.7778085250680752,0.8669632622052168,0.8234779708551337,0.7942076229347035,1.0,0.0,1.0,0.0,0.0,0.0,1.0,4.0
5.0,0.0,1.0,0.0,0.0,0.0,1.0,0.0,0.0,1.0,1.0,0.0,0.0,0.0,1.0,0.0,0.0,1.0,1.0,0.0,1.0,0.0,1.0,0.0,1.0,0.0,0.7663983910119395,0.8978712815980994,0.7705998678507019,0.8826176504681886,0.7711605457778218,0.882945074409925,0.7769626331895879,0.8680779285384314,0.7578759755587992,0.7872199995607838,1.0,0.0,1.0,0.0,0.0,0.0,1.0,4.0
5.0,0.0,1.0,0.0,0.0,0.0,1.0,0.0,0.0,1.0,1.0,0.0,0.0,0.0,1.0,0.0,0.0,1.0,1.0,0.0,1.0,0.0,1.0,0.0,1.0,0.0,0.7663792258586516,0.8978712815980994,0.7705995821718237,0.8826461485845304,0.7711513260851716,0.8829420020093458,0.7769626331895879,0.8680780697269809,0.7576189348938811,0.7847705983996732,1.0,0.0,1.0,0.0,0.0,0.0,1.0,4.0
5.0,0.0,1.0,0.0,0.0,0.0,1.0,0.0,0.0,1.0,1.0,0.0,0.0,0.0,1.0,0.0,0.0,1.0,1.0,0.0,1.0,0.0,1.0,0.0,1.0,0.0,0.7613572580517725,0.9123995002689478,0.7703612001457273,0.8849809901976811,0.7710176742086495,0.8841536537281962,0.7637504821540309,0.9154666474403637,0.6525686420906025,0.785212466766092,1.0,0.0,1.0,0.0,0.0,0.0,1.0,4.0
5.0,0.0,1.0,0.0,0.0,0.0,1.0,0.0,0.0,1.0,1.0,0.0,0.0,0.0,1.0,0.0,0.0,1.0,1.0,0.0,1.0,0.0,1.0,0.0,1.0,0.0,0.7663973683239125,0.897280994108149,0.770599856980188,0.8823704568959357,0.7710842223666675,0.8829425248770908,0.7769658176802352,0.8680767633979437,0.7575117174096906,0.794056516702787,1.0,0.0,1.0,0.0,0.0,0.0,1.0,4.0
5.0,0.0,1.0,0.0,0.0,0.0,1.0,0.0,0.0,1.0,1.0,0.0,0.0,0.0,1.0,0.0,0.0,1.0,1.0,0.0,1.0,0.0,1.0,0.0,1.0,0.0,0.6664276982663169,0.784971427774226,0.7753850278574654,0.9133405951104516,0.7801644922243134,0.9208881034306582,0.9140620925089161,0.8080538174014797,0.9547728079294135,0.8079550160425792,1.0,0.0,1.0,0.0,0.0,0.0,1.0,4.0
5.0,0.0,1.0,0.0,0.0,0.0,1.0,0.0,0.0,1.0,1.0,0.0,0.0,0.0,1.0,0.0,0.0,1.0,1.0,0.0,1.0,0.0,1.0,0.0,1.0,0.0,0.7613497449096776,0.912494743736914,0.7703582815631088,0.8822665645431799,0.7711121103080854,0.8822881572896262,0.7638856858354669,0.9154186660429595,0.6796178670744186,0.781086796985016,1.0,0.0,1.0,0.0,0.0,0.0,1.0,4.0
5.0,0.0,1.0,0.0,0.0,0.0,1.0,0.0,0.0,1.0,1.0,0.0,0.0,0.0,1.0,0.0,0.0,1.0,1.0,0.0,1.0,0.0,1.0,0.0,1.0,0.0,0.7608174846525324,0.9113884679476967,0.7703582308323942,0.8822590168371173,0.771142889376464,0.8823136672513554,0.7629682931804174,0.9154208415047936,0.6619048181031113,0.7846858831854399,1.0,0.0,1.0,0.0,0.0,0.0,1.0,4.0
5.0,0.0,1.0,0.0,0.0,0.0,1.0,0.0,0.0,1.0,1.0,0.0,0.0,0.0,1.0,0.0,0.0,1.0,1.0,0.0,1.0,0.0,1.0,0.0,1.0,0.0,0.7663573721422721,0.8972095854892697,0.7706012687369085,0.8826385553727407,0.7711513417149249,0.8829462122924209,0.776996328913837,0.8681653873660616,0.7533049029104174,0.7917439223219479,1.0,0.0,1.0,0.0,0.0,0.0,1.0,4.0
5.0,0.0,1.0,0.0,0.0,0.0,1.0,0.0,0.0,1.0,1.0,0.0,0.0,0.0,1.0,0.0,0.0,1.0,1.0,0.0,1.0,0.0,1.0,0.0,1.0,0.0,0.6664276982663169,0.782545301451853,0.7742397012366173,0.912755290113667,0.7801644922243134,0.9208881034306582,0.9151904329722124,0.8080538174014797,0.9530192127302811,0.8122752818234366,1.0,0.0,1.0,0.0,0.0,0.0,1.0,4.0
5.0,0.0,1.0,0.0,0.0,0.0,1.0,0.0,0.0,1.0,1.0,0.0,0.0,0.0,1.0,0.0,0.0,1.0,1.0,0.0,1.0,0.0,1.0,0.0,1.0,0.0,0.772257349648023,0.9181964666480383,0.7708435238900913,0.8848896139036578,0.7710145296725258,0.8840464458926913,0.7776533056869064,0.9190222442817795,0.6512539350703723,0.79196919871154,1.0,0.0,1.0,0.0,0.0,0.0,1.0,4.0
5.0,0.0,1.0,0.0,0.0,0.0,1.0,0.0,0.0,1.0,1.0,0.0,0.0,0.0,1.0,0.0,0.0,1.0,1.0,0.0,1.0,0.0,1.0,0.0,1.0,0.0,0.6668800209115705,0.7852380300448581,0.7753882493290049,0.9133405951104516,0.7801644922243134,0.9208881034306582,0.9151904329722124,0.8080538174014797,0.9547728079294135,0.8152309350977806,1.0,0.0,1.0,0.0,0.0,0.0,1.0,4.0
5.0,0.0,1.0,0.0,0.0,0.0,1.0,0.0,0.0,1.0,1.0,0.0,0.0,0.0,1.0,0.0,0.0,1.0,1.0,0.0,1.0,0.0,1.0,0.0,1.0,0.0,0.7611440425184537,0.912262456272328,0.7703619060386225,0.882420400119522,0.7715231022284613,0.8823128756136551,0.7638349879301491,0.9148586127339527,0.6613046189802705,0.7752895282425674,1.0,0.0,1.0,0.0,0.0,0.0,1.0,4.0
5.0,0.0,1.0,0.0,0.0,0.0,1.0,0.0,0.0,1.0,1.0,0.0,0.0,0.0,1.0,0.0,0.0,1.0,1.0,0.0,1.0,0.0,1.0,0.0,1.0,0.0,0.7580892299582062,0.9037663341800712,0.7703605712660859,0.882627118547259,0.770636725100439,0.8823712026077496,0.7635134655307356,0.9140487463488807,0.6530942115816865,0.7752407600354005,1.0,0.0,1.0,0.0,0.0,0.0,1.0,4.0
5.0,0.0,1.0,0.0,0.0,0.0,1.0,0.0,0.0,1.0,1.0,0.0,0.0,0.0,1.0,0.0,0.0,1.0,1.0,0.0,1.0,0.0,1.0,0.0,1.0,0.0,0.7664604506526366,0.8973067723053157,0.7705997959384349,0.8826440457184846,0.7711536430728853,0.8829429168946852,0.776976685814608,0.8681646419049002,0.7670474031152248,0.7939028769321057,1.0,0.0,1.0,0.0,0.0,0.0,1.0,4.0
5.0,0.0,1.0,0.0,0.0,0.0,1.0,0.0,0.0,1.0,1.0,0.0,0.0,0.0,1.0,0.0,0.0,1.0,1.0,0.0,1.0,0.0,1.0,0.0,1.0,0.0,0.7663983926403944,0.89728098954369,0.770603118363081,0.8826402974888304,0.771156129582965,0.8829425248770908,0.7769260821661668,0.8680780618136973,0.7574795313861235,0.7939092885845118,1.0,0.0,1.0,0.0,0.0,0.0,1.0,4.0
5.0,0.0,1.0,0.0,0.0,0.0,1.0,0.0,0.0,1.0,1.0,0.0,0.0,0.0,1.0,0.0,0.0,1.0,1.0,0.0,1.0,0.0,1.0,0.0,1.0,0.0,0.7663367617208783,0.89728098954369,0.7705939480127751,0.8826115800217182,0.771507505532343,0.8829817182090725,0.776964105284498,0.8680994422903262,0.7523946490344516,0.7938100574887912,1.0,0.0,1.0,0.0,0.0,0.0,1.0,4.0
5.0,0.0,1.0,0.0,0.0,0.0,1.0,0.0,0.0,1.0,1.0,0.0,0.0,0.0,1.0,0.0,0.0,1.0,1.0,0.0,1.0,0.0,1.0,0.0,1.0,0.0,0.7664626331668739,0.89728098954369,0.7705998148795865,0.8823704568959357,0.7713157459241251,0.8829425248770908,0.7769260821661668,0.8680780618136973,0.7673938659100772,0.7937548732662613,1.0,0.0,1.0,0.0,0.0,0.0,1.0,4.0
5.0,0.0,1.0,0.0,0.0,0.0,1.0,0.0,0.0,1.0,1.0,0.0,0.0,0.0,1.0,0.0,0.0,1.0,1.0,0.0,1.0,0.0,1.0,0.0,1.0,0.0,0.7663573721422721,0.8972095854892697,0.7706012687369085,0.88226883534611,0.7711513417149249,0.88293358402758,0.776995957735629,0.8680780618136973,0.7533049029104174,0.7917439223219479,1.0,0.0,1.0,0.0,0.0,0.0,1.0,4.0
5.0,0.0,1.0,0.0,0.0,0.0,1.0,0.0,0.0,1.0,1.0,0.0,0.0,0.0,1.0,0.0,0.0,1.0,1.0,0.0,1.0,0.0,1.0,0.0,1.0,0.0,0.7542082346962454,0.9120660663588588,0.7703334631383443,0.8824532059420036,0.7711511720011655,0.8824976947688609,0.7770071031877929,0.9205807828779843,0.6519676014584816,0.7750062260445447,1.0,0.0,1.0,0.0,0.0,0.0,1.0,4.0
5.0,0.0,1.0,0.0,0.0,0.0,1.0,0.0,0.0,1.0,1.0,0.0,0.0,0.0,1.0,0.0,0.0,1.0,1.0,0.0,1.0,0.0,1.0,0.0,1.0,0.0,0.7613572580517725,0.9123995002689478,0.7703612001457273,0.8845476639752815,0.771095762774079,0.8841536537281962,0.7638641588958381,0.9154666474403637,0.6525686420906025,0.785212466766092,1.0,0.0,1.0,0.0,0.0,0.0,1.0,4.0
5.0,0.0,1.0,0.0,0.0,0.0,1.0,0.0,0.0,1.0,1.0,0.0,0.0,0.0,1.0,0.0,0.0,1.0,1.0,0.0,1.0,0.0,1.0,0.0,1.0,0.0,0.7549881855925579,0.729297858809571,0.773434781275788,0.902894581490381,0.7801682810932771,0.9159648435472842,0.9001149177744985,0.7754062162484494,0.938319005646921,0.7751126154179717,1.0,0.0,1.0,0.0,0.0,0.0,1.0,4.0
5.0,0.0,1.0,0.0,0.0,0.0,1.0,0.0,0.0,1.0,1.0,0.0,0.0,0.0,1.0,0.0,0.0,1.0,1.0,0.0,1.0,0.0,1.0,0.0,1.0,0.0,0.7467674633991314,0.8976381137697035,0.7709550411095857,0.8823283930120113,0.7715117538998952,0.8823726239630065,0.777648950285715,0.9212859150405569,0.6441836544685613,0.7705505057886859,1.0,0.0,1.0,0.0,0.0,0.0,1.0,4.0
5.0,0.0,1.0,0.0,0.0,0.0,1.0,0.0,0.0,1.0,1.0,0.0,0.0,0.0,1.0,0.0,0.0,1.0,1.0,0.0,1.0,0.0,1.0,0.0,1.0,0.0,0.6620503016536243,0.7852510834207572,0.7731717560394049,0.9141364210512037,0.7801873727834645,0.9206645757956173,0.9143832309011075,0.8023490832098752,0.9549710825441828,0.8100256683773375,1.0,0.0,1.0,0.0,0.0,0.0,1.0,4.0
5.0,0.0,1.0,0.0,0.0,0.0,1.0,0.0,0.0,1.0,1.0,0.0,0.0,0.0,1.0,0.0,0.0,1.0,1.0,0.0,1.0,0.0,1.0,0.0,1.0,0.0,0.6685619908860942,0.7852380300448581,0.775431155326478,0.9133405951104516,0.7802119309519547,0.9208881034306582,0.9151904329722124,0.8135844540950509,0.9547728079294135,0.8122752818234366,1.0,0.0,1.0,0.0,0.0,0.0,1.0,4.0
5.0,0.0,1.0,0.0,0.0,0.0,1.0,0.0,0.0,1.0,1.0,0.0,0.0,0.0,1.0,0.0,0.0,1.0,1.0,0.0,1.0,0.0,1.0,0.0,1.0,0.0,0.7663983926403944,0.89728098954369,0.7705987064776091,0.8826377920134689,0.771156129582965,0.8829469302481787,0.7769260821661668,0.8680780618136973,0.7574795313861235,0.7975285384026564,1.0,0.0,1.0,0.0,0.0,0.0,1.0,4.0
5.0,0.0,1.0,0.0,0.0,0.0,1.0,0.0,0.0,1.0,1.0,0.0,0.0,0.0,1.0,0.0,0.0,1.0,1.0,0.0,1.0,0.0,1.0,0.0,1.0,0.0,0.7663376639189233,0.89728098954369,0.7703473207799257,0.8827211566948483,0.7709295835410872,0.8829425392558614,0.776964105284498,0.8683660117779994,0.8382056727092305,0.7932800857490245,1.0,0.0,1.0,0.0,0.0,0.0,1.0,4.0
5.0,0.0,1.0,0.0,0.0,0.0,1.0,0.0,0.0,1.0,1.0,0.0,0.0,0.0,1.0,0.0,0.0,1.0,1.0,0.0,1.0,0.0,1.0,0.0,1.0,0.0,0.7580892299582062,0.9037663341800712,0.7703605712660859,0.882627118547259,0.770636725100439,0.8823712026077496,0.7635134655307356,0.9140487463488807,0.6530942115816865,0.7796865843957547,1.0,0.0,1.0,0.0,0.0,0.0,1.0,4.0
5.0,0.0,1.0,0.0,0.0,0.0,1.0,0.0,0.0,1.0,1.0,0.0,0.0,0.0,1.0,0.0,0.0,1.0,1.0,0.0,1.0,0.0,1.0,0.0,1.0,0.0,0.7582736800456439,0.9040951428146047,0.770362548175726,0.882627118547259,0.770636725100439,0.8823712026077496,0.7635498549805376,0.9140487463488807,0.6530298993692253,0.7748551414562586,1.0,0.0,1.0,0.0,0.0,0.0,1.0,4.0
5.0,0.0,1.0,0.0,0.0,0.0,1.0,0.0,0.0,1.0,1.0,0.0,0.0,0.0,1.0,0.0,0.0,1.0,1.0,0.0,1.0,0.0,1.0,0.0,1.0,0.0,0.7479982567580116,0.9017089058036383,0.7703620646730374,0.8822939665449151,0.7710336188591649,0.8823704635940116,0.7635261575725103,0.9182998196117954,0.6410281799010523,0.7749862380260735,1.0,0.0,1.0,0.0,0.0,0.0,1.0,4.0
5.0,0.0,1.0,0.0,0.0,0.0,1.0,0.0,0.0,1.0,1.0,0.0,0.0,0.0,1.0,0.0,0.0,1.0,1.0,0.0,1.0,0.0,1.0,0.0,1.0,0.0,0.7657085362804507,0.8978385920648378,0.7708115933097439,0.8826379202805054,0.7711891635980106,0.882910958360881,0.7783028446419904,0.8678338008481911,0.8267441987397899,0.7917827807575435,1.0,0.0,1.0,0.0,0.0,0.0,1.0,4.0
5.0,0.0,1.0,0.0,0.0,0.0,1.0,0.0,0.0,1.0,1.0,0.0,0.0,0.0,1.0,0.0,0.0,1.0,1.0,0.0,1.0,0.0,1.0,0.0,1.0,0.0,0.7665993426467175,0.869472120240498,0.7708042155015207,0.8822747951550709,0.7711322608704003,0.8822914010210726,0.7789716441973897,0.8646544819676013,0.6678532099816954,0.753002800308851,1.0,0.0,1.0,0.0,0.0,0.0,1.0,4.0
5.0,0.0,1.0,0.0,0.0,0.0,1.0,0.0,0.0,1.0,1.0,0.0,0.0,0.0,1.0,0.0,0.0,1.0,1.0,0.0,1.0,0.0,1.0,0.0,1.0,0.0,0.7651142681062969,0.8990324846080754,0.7702804613260942,0.8825929910925394,0.771252586669973,0.8829910946681302,0.7778287975356384,0.8663445919706391,0.8329613367762113,0.7940845228592305,1.0,0.0,1.0,0.0,0.0,0.0,1.0,4.0
5.0,0.0,1.0,0.0,0.0,0.0,1.0,0.0,0.0,1.0,1.0,0.0,0.0,0.0,1.0,0.0,0.0,1.0,1.0,0.0,1.0,0.0,1.0,0.0,1.0,0.0,0.7651142681062969,0.899763263701887,0.7702804613260942,0.8826345836118636,0.7710366323232778,0.8829910946681302,0.7778288086841412,0.8663385185883121,0.8348940957833392,0.793610741712265,1.0,0.0,1.0,0.0,0.0,0.0,1.0,4.0
5.0,0.0,1.0,0.0,0.0,0.0,1.0,0.0,0.0,1.0,1.0,0.0,0.0,0.0,1.0,0.0,0.0,1.0,1.0,0.0,1.0,0.0,1.0,0.0,1.0,0.0,0.7479923402485834,0.9017089058036383,0.7703620646730374,0.8822939665449151,0.7711766876430481,0.8823756236468571,0.7631614123254918,0.9182998196117954,0.6410281799010523,0.7753071832014422,1.0,0.0,1.0,0.0,0.0,0.0,1.0,4.0
5.0,0.0,1.0,0.0,0.0,0.0,1.0,0.0,0.0,1.0,1.0,0.0,0.0,0.0,1.0,0.0,0.0,1.0,1.0,0.0,1.0,0.0,1.0,0.0,1.0,0.0,0.6620503016536243,0.7852510834207572,0.7752072017854938,0.9138413405094146,0.7801644808691165,0.9208876597024991,0.9147789367685266,0.802298108009326,0.9549710825441828,0.8111387279560505,1.0,0.0,1.0,0.0,0.0,0.0,1.0,4.0
5.0,0.0,1.0,0.0,0.0,0.0,1.0,0.0,0.0,1.0,1.0,0.0,0.0,0.0,1.0,0.0,0.0,1.0,1.0,0.0,1.0,0.0,1.0,0.0,1.0,0.0,0.7663792258586516,0.8978613565835205,0.7705995821718237,0.8826455811975416,0.7711504631518467,0.882982289692743,0.7769632364662467,0.8681646419049002,0.8318713523138274,0.7938746660940817,1.0,0.0,1.0,0.0,0.0,0.0,1.0,4.0
5.0,0.0,1.0,0.0,0.0,0.0,1.0,0.0,0.0,1.0,1.0,0.0,0.0,0.0,1.0,0.0,0.0,1.0,1.0,0.0,1.0,0.0,1.0,0.0,1.0,0.0,0.7665993426467175,0.8711686834649597,0.7708170202452993,0.8822548478572522,0.7711486769922072,0.8822588495236511,0.7779126348533021,0.8618157457091913,0.6678081592527477,0.7529933875360346,1.0,0.0,1.0,0.0,0.0,0.0,1.0,4.0
5.0,0.0,1.0,0.0,0.0,0.0,1.0,0.0,0.0,1.0,1.0,0.0,0.0,0.0,1.0,0.0,0.0,1.0,1.0,0.0,1.0,0.0,1.0,0.0,1.0,0.0,0.7666496950769535,0.8976665861430252,0.7709769130203117,0.8819620867145213,0.7715084216793343,0.8822782727850031,0.7779227727722685,0.8670588510984949,0.7523678792875396,0.7905700084301243,1.0,0.0,1.0,0.0,0.0,0.0,1.0,4.0
5.0,0.0,1.0,0.0,0.0,0.0,1.0,0.0,0.0,1.0,1.0,0.0,0.0,0.0,1.0,0.0,0.0,1.0,1.0,0.0,1.0,0.0,1.0,0.0,1.0,0.0,0.7493202825008654,0.9036990046561776,0.7709682299576034,0.8823484851493152,0.7715117538998952,0.8823725346902231,0.7777720236989324,0.9212859150405569,0.6441836544685613,0.7793253858546116,1.0,0.0,1.0,0.0,0.0,0.0,1.0,4.0
5.0,0.0,1.0,0.0,0.0,0.0,1.0,0.0,0.0,1.0,1.0,0.0,0.0,0.0,1.0,0.0,0.0,1.0,1.0,0.0,1.0,0.0,1.0,0.0,1.0,0.0,0.7488638805108896,0.9120561901706777,0.7703677004550966,0.8823700238871888,0.7718868204853278,0.8824992260490567,0.7758388370955279,0.9263596254351283,0.653162399844506,0.7703751972964119,1.0,0.0,1.0,0.0,0.0,0.0,1.0,4.0
5.0,0.0,1.0,0.0,0.0,0.0,1.0,0.0,0.0,1.0,1.0,0.0,0.0,0.0,1.0,0.0,0.0,1.0,1.0,0.0,1.0,0.0,1.0,0.0,1.0,0.0,0.7520911057145478,0.7625731814241028,0.7595394722895814,0.8759980022601864,0.7627462904636821,0.881683573293462,0.7534938469734322,0.7085797998001886,0.6824242900826045,0.7255481820887901,1.0,0.0,1.0,0.0,0.0,0.0,1.0,4.0
5.0,0.0,1.0,0.0,0.0,0.0,1.0,0.0,0.0,1.0,1.0,0.0,0.0,0.0,1.0,0.0,0.0,1.0,1.0,0.0,1.0,0.0,1.0,0.0,1.0,0.0,0.7492574950961132,0.9017089058036383,0.7703605498439626,0.8823249249125862,0.7709923646447673,0.882372931741308,0.7629339091876103,0.9202000886157858,0.6441836544685613,0.7706576397806475,1.0,0.0,1.0,0.0,0.0,0.0,1.0,4.0
5.0,0.0,1.0,0.0,0.0,0.0,1.0,0.0,0.0,1.0,1.0,0.0,0.0,0.0,1.0,0.0,0.0,1.0,1.0,0.0,1.0,0.0,1.0,0.0,1.0,0.0,0.7613572580517725,0.9123995002689478,0.7703612001457273,0.8848886222064872,0.7710176742086495,0.8840454281547279,0.7637504821540309,0.9154666474403637,0.6512518857271886,0.7918031307843056,1.0,0.0,1.0,0.0,0.0,0.0,1.0,4.0
5.0,0.0,1.0,0.0,0.0,0.0,1.0,0.0,0.0,1.0,1.0,0.0,0.0,0.0,1.0,0.0,0.0,1.0,1.0,0.0,1.0,0.0,1.0,0.0,1.0,0.0,0.7667803472122544,0.8992881351936455,0.7702972967734865,0.8826369956995143,0.7709903781517725,0.8829154449213625,0.7782728985481815,0.8671326820385005,0.8328566668296908,0.793870067629179,1.0,0.0,1.0,0.0,0.0,0.0,1.0,4.0
5.0,0.0,1.0,0.0,0.0,0.0,1.0,0.0,0.0,1.0,1.0,0.0,0.0,0.0,1.0,0.0,0.0,1.0,1.0,0.0,1.0,0.0,1.0,0.0,1.0,0.0,0.7663367617208783,0.89728098954369,0.7705939480127751,0.8823564008729406,0.7715060169111083,0.8829425392558614,0.776964105284498,0.8680920727437798,0.7542267977029499,0.7932800857490245,1.0,0.0,1.0,0.0,0.0,0.0,1.0,4.0
5.0,0.0,1.0,0.0,0.0,0.0,1.0,0.0,0.0,1.0,1.0,0.0,0.0,0.0,1.0,0.0,0.0,1.0,1.0,0.0,1.0,0.0,1.0,0.0,1.0,0.0,0.7664626331668739,0.89728098954369,0.7705998148795865,0.8823708179712928,0.7713157459241251,0.8829419381782211,0.7769263848430622,0.8680996518043099,0.7672730991512735,0.7937548732662613,1.0,0.0,1.0,0.0,0.0,0.0,1.0,4.0
5.0,0.0,1.0,0.0,0.0,0.0,1.0,0.0,0.0,1.0,1.0,0.0,0.0,0.0,1.0,0.0,0.0,1.0,1.0,0.0,1.0,0.0,1.0,0.0,1.0,0.0,0.6664276982663169,0.7852380300448581,0.7753311458968265,0.9152635078517439,0.7801644922243134,0.9209124184929377,0.9150602175892962,0.8058103547860974,0.956265838459919,0.8131563955603497,1.0,0.0,1.0,0.0,0.0,0.0,1.0,4.0
5.0,0.0,1.0,0.0,0.0,0.0,1.0,0.0,0.0,1.0,1.0,0.0,0.0,0.0,1.0,0.0,0.0,1.0,1.0,0.0,1.0,0.0,1.0,0.0,1.0,0.0,0.7651142681062969,0.8997242887483791,0.7702804613260942,0.8826352228778539,0.7710366323232778,0.8829813684954052,0.7778267905345619,0.8663385185883121,0.8348940957833392,0.7932960301798665,1.0,0.0,1.0,0.0,0.0,0.0,1.0,4.0
5.0,0.0,1.0,0.0,0.0,0.0,1.0,0.0,0.0,1.0,1.0,0.0,0.0,0.0,1.0,0.0,0.0,1.0,1.0,0.0,1.0,0.0,1.0,0.0,1.0,0.0,0.7615607105499062,0.727982293736431,0.7766698043233818,0.9037448469108922,0.7896695804184608,0.9199374991450463,0.914104789584789,0.7732470080398721,0.9607192351023174,0.7787714847155148,1.0,0.0,1.0,0.0,0.0,0.0,1.0,4.0
5.0,0.0,1.0,0.0,0.0,0.0,1.0,0.0,0.0,1.0,1.0,0.0,0.0,0.0,1.0,0.0,0.0,1.0,1.0,0.0,1.0,0.0,1.0,0.0,1.0,0.0,0.7631725140860571,0.7287325241798708,0.773434781275788,0.9029457174240211,0.7801623664953637,0.9157417596404025,0.8999031378503818,0.7743945342995977,0.9381808812038149,0.77674555836305,1.0,0.0,1.0,0.0,0.0,0.0,1.0,4.0
5.0,0.0,1.0,0.0,0.0,0.0,1.0,0.0,0.0,1.0,1.0,0.0,0.0,0.0,1.0,0.0,0.0,1.0,1.0,0.0,1.0,0.0,1.0,0.0,1.0,0.0,0.7657068813329283,0.8978385920648378,0.7706000500301289,0.8826301608472416,0.7711519505025313,0.882912526951825,0.7775663281875315,0.8678729054611223,0.7535840993089749,0.7886968698667002,1.0,0.0,1.0,0.0,0.0,0.0,1.0,4.0
5.0,0.0,1.0,0.0,0.0,0.0,1.0,0.0,0.0,1.0,1.0,0.0,0.0,0.0,1.0,0.0,0.0,1.0,1.0,0.0,1.0,0.0,1.0,0.0,1.0,0.0,0.6664276982663169,0.7852380300448581,0.7753311458968265,0.9152635078517439,0.7801644922243134,0.9209124184929377,0.9150602175892962,0.8058103547860974,0.954989020090315,0.8131563955603497,1.0,0.0,1.0,0.0,0.0,0.0,1.0,4.0
5.0,0.0,1.0,0.0,0.0,0.0,1.0,0.0,0.0,1.0,1.0,0.0,0.0,0.0,1.0,0.0,0.0,1.0,1.0,0.0,1.0,0.0,1.0,0.0,1.0,0.0,0.7657085362804507,0.8978385920648378,0.7708085728817481,0.8826366680643186,0.7711898026604364,0.882910958360881,0.7783028446419904,0.8678338008481911,0.8267441987397899,0.7917301523010128,1.0,0.0,1.0,0.0,0.0,0.0,1.0,4.0
5.0,0.0,1.0,0.0,0.0,0.0,1.0,0.0,0.0,1.0,1.0,0.0,0.0,0.0,1.0,0.0,0.0,1.0,1.0,0.0,1.0,0.0,1.0,0.0,1.0,0.0,0.7663983910119395,0.8978712815980994,0.7705967944515908,0.8826177180512439,0.7711611848402475,0.882945074409925,0.7769626331895879,0.8680780618136973,0.7619506184196488,0.7872259715550793,1.0,0.0,1.0,0.0,0.0,0.0,1.0,4.0
5.0,0.0,1.0,0.0,0.0,0.0,1.0,0.0,0.0,1.0,1.0,0.0,0.0,0.0,1.0,0.0,0.0,1.0,1.0,0.0,1.0,0.0,1.0,0.0,1.0,0.0,0.7483033885828281,0.9014226405165956,0.7703611563953813,0.8823481236399566,0.7711581440269005,0.8824201439339274,0.7776055523580689,0.9221235538839053,0.6412939563280754,0.7708491372354995,1.0,0.0,1.0,0.0,0.0,0.0,1.0,4.0
5.0,0.0,1.0,0.0,0.0,0.0,1.0,0.0,0.0,1.0,1.0,0.0,0.0,0.0,1.0,0.0,0.0,1.0,1.0,0.0,1.0,0.0,1.0,0.0,1.0,0.0,0.7723454097349285,0.9181964666480383,0.7708418684831638,0.8848895923110001,0.7710177088690404,0.8841227390305862,0.7773002350314732,0.9185101116217037,0.6539859195568053,0.7910821918322789,1.0,0.0,1.0,0.0,0.0,0.0,1.0,4.0
5.0,0.0,1.0,0.0,0.0,0.0,1.0,0.0,0.0,1.0,1.0,0.0,0.0,0.0,1.0,0.0,0.0,1.0,1.0,0.0,1.0,0.0,1.0,0.0,1.0,0.0,0.7663792258586516,0.8978712815980994,0.7706031087940816,0.8825800956819195,0.7711513194762384,0.882942249264367,0.7769641031587724,0.8680780618136973,0.7581642933498368,0.784827413108325,1.0,0.0,1.0,0.0,0.0,0.0,1.0,4.0
5.0,0.0,1.0,0.0,0.0,0.0,1.0,0.0,0.0,1.0,1.0,0.0,0.0,0.0,1.0,0.0,0.0,1.0,1.0,0.0,1.0,0.0,1.0,0.0,1.0,0.0,0.7492574950961132,0.9017089058036383,0.7703611158381092,0.8823249249125862,0.771156375697117,0.8823735414347209,0.7629339091876103,0.9203466321692484,0.6441836544685613,0.7706663736056971,1.0,0.0,1.0,0.0,0.0,0.0,1.0,4.0
5.0,0.0,1.0,0.0,0.0,0.0,1.0,0.0,0.0,1.0,1.0,0.0,0.0,0.0,1.0,0.0,0.0,1.0,1.0,0.0,1.0,0.0,1.0,0.0,1.0,0.0,0.7663792258586516,0.8978712815980994,0.7706031474781916,0.8826462242976495,0.7711601600822852,0.8829457928809846,0.7769639874893032,0.8681652783978855,0.762324493369593,0.793904744675301,1.0,0.0,1.0,0.0,0.0,0.0,1.0,4.0
5.0,0.0,1.0,0.0,0.0,0.0,1.0,0.0,0.0,1.0,1.0,0.0,0.0,0.0,1.0,0.0,0.0,1.0,1.0,0.0,1.0,0.0,1.0,0.0,1.0,0.0,0.6664276982663169,0.7852380300448581,0.7753311458968265,0.9152635078517439,0.7801644445711349,0.9209124184929377,0.9148373460846341,0.8058103547860974,0.956265838459919,0.8131563955603497,1.0,0.0,1.0,0.0,0.0,0.0,1.0,4.0
5.0,0.0,1.0,0.0,0.0,0.0,1.0,0.0,0.0,1.0,1.0,0.0,0.0,0.0,1.0,0.0,0.0,1.0,1.0,0.0,1.0,0.0,1.0,0.0,1.0,0.0,0.7865502491230656,0.7287186087372506,0.7700976190597274,0.9029555879072062,0.7803350553142872,0.9186723475248629,0.9021134011455808,0.7759873424244259,0.9454345720354159,0.7771896047384591,1.0,0.0,1.0,0.0,0.0,0.0,1.0,4.0
5.0,0.0,1.0,0.0,0.0,0.0,1.0,0.0,0.0,1.0,1.0,0.0,0.0,0.0,1.0,0.0,0.0,1.0,1.0,0.0,1.0,0.0,1.0,0.0,1.0,0.0,0.7723454097349285,0.9181135473591717,0.7708418684831638,0.8848895923110001,0.7708639672942308,0.8841389733262802,0.7773002350314732,0.9185101116217037,0.6539838900577662,0.7905035725876829,1.0,0.0,1.0,0.0,0.0,0.0,1.0,4.0
5.0,0.0,1.0,0.0,0.0,0.0,1.0,0.0,0.0,1.0,1.0,0.0,0.0,0.0,1.0,0.0,0.0,1.0,1.0,0.0,1.0,0.0,1.0,0.0,1.0,0.0,0.7484749688415455,0.9017089058036383,0.7703605904012346,0.8823249427331151,0.7711970886373266,0.8824044427375984,0.764400274622198,0.9219871391142496,0.6440371610725213,0.7708499376140209,1.0,0.0,1.0,0.0,0.0,0.0,1.0,4.0
5.0,0.0,1.0,0.0,0.0,0.0,1.0,0.0,0.0,1.0,1.0,0.0,0.0,0.0,1.0,0.0,0.0,1.0,1.0,0.0,1.0,0.0,1.0,0.0,1.0,0.0,0.7663962513965762,0.8973064964205089,0.7708077716527548,0.8826390091752621,0.7711453530087231,0.8829429168946852,0.776976256933201,0.8681646419049002,0.7572360711371736,0.7903237704168599,1.0,0.0,1.0,0.0,0.0,0.0,1.0,4.0
5.0,0.0,1.0,0.0,0.0,0.0,1.0,0.0,0.0,1.0,1.0,0.0,0.0,0.0,1.0,0.0,0.0,1.0,1.0,0.0,1.0,0.0,1.0,0.0,1.0,0.0,0.7549881855925579,0.7292813968647895,0.773434781275788,0.9029137696771152,0.7800777680587563,0.9157417596404025,0.8998935350340127,0.7743939038728564,0.938319005646921,0.7729194081261104,1.0,0.0,1.0,0.0,0.0,0.0,1.0,4.0
5.0,0.0,1.0,0.0,0.0,0.0,1.0,0.0,0.0,1.0,1.0,0.0,0.0,0.0,1.0,0.0,0.0,1.0,1.0,0.0,1.0,0.0,1.0,0.0,1.0,0.0,0.7663792258586516,0.8978712815980994,0.7706031474781916,0.8826175354215592,0.7711536794090811,0.8829436468989157,0.7769639874893032,0.8680779260501267,0.7579575994128545,0.7889208181170827,1.0,0.0,1.0,0.0,0.0,0.0,1.0,4.0
5.0,0.0,1.0,0.0,0.0,0.0,1.0,0.0,0.0,1.0,1.0,0.0,0.0,0.0,1.0,0.0,0.0,1.0,1.0,0.0,1.0,0.0,1.0,0.0,1.0,0.0,0.7483029203510548,0.762372790997456,0.7601699631652202,0.8755159223805783,0.7627286576211126,0.881712577488403,0.7527868176568939,0.7044866981026763,0.6814429705906262,0.7246683256903184,1.0,0.0,1.0,0.0,0.0,0.0,1.0,4.0
5.0,0.0,1.0,0.0,0.0,0.0,1.0,0.0,0.0,1.0,1.0,0.0,0.0,0.0,1.0,0.0,0.0,1.0,1.0,0.0,1.0,0.0,1.0,0.0,1.0,0.0,0.748271458267877,0.9124202064596536,0.7703597440009907,0.8824092190652941,0.7715054240819976,0.8822987826846577,0.7857224696401773,0.9258703211131467,0.6511789428717302,0.7753002384528861,1.0,0.0,1.0,0.0,0.0,0.0,1.0,4.0
5.0,0.0,1.0,0.0,0.0,0.0,1.0,0.0,0.0,1.0,1.0,0.0,0.0,0.0,1.0,0.0,0.0,1.0,1.0,0.0,1.0,0.0,1.0,0.0,1.0,0.0,0.7488629153128885,0.9015925230206789,0.7703592164099305,0.882370079786775,0.7711910153774969,0.8823446928664275,0.7638932971094665,0.9223189932551533,0.6418764867267934,0.7707645683089428,1.0,0.0,1.0,0.0,0.0,0.0,1.0,4.0
5.0,0.0,1.0,0.0,0.0,0.0,1.0,0.0,0.0,1.0,1.0,0.0,0.0,0.0,1.0,0.0,0.0,1.0,1.0,0.0,1.0,0.0,1.0,0.0,1.0,0.0,0.7663960964958629,0.8973089011352081,0.7708077716527548,0.8826390091752621,0.7711453530087231,0.8829429212688062,0.776976256933201,0.8681642672242827,0.7573263780996881,0.7903237704168599,1.0,0.0,1.0,0.0,0.0,0.0,1.0,4.0
5.0,0.0,1.0,0.0,0.0,0.0,1.0,0.0,0.0,1.0,1.0,0.0,0.0,0.0,1.0,0.0,0.0,1.0,1.0,0.0,1.0,0.0,1.0,0.0,1.0,0.0,0.7651142681062969,0.8997636258611503,0.7702804613260942,0.8826315442333457,0.7710413894269451,0.8829434457662688,0.7778287975356384,0.8663679341839832,0.83265083309741,0.7938914232782591,1.0,0.0,1.0,0.0,0.0,0.0,1.0,4.0
5.0,0.0,1.0,0.0,0.0,0.0,1.0,0.0,0.0,1.0,1.0,0.0,0.0,0.0,1.0,0.0,0.0,1.0,1.0,0.0,1.0,0.0,1.0,0.0,1.0,0.0,0.7608044351092452,0.9122585215143386,0.7703619060386225,0.8822588187621407,0.771142889376464,0.8823136672513554,0.7629682931804174,0.9154208362100122,0.6619048181031113,0.7846248416847112,1.0,0.0,1.0,0.0,0.0,0.0,1.0,4.0
5.0,0.0,1.0,0.0,0.0,0.0,1.0,0.0,0.0,1.0,1.0,0.0,0.0,0.0,1.0,0.0,0.0,1.0,1.0,0.0,1.0,0.0,1.0,0.0,1.0,0.0,0.7663367617208783,0.8972780316486373,0.7705778022093148,0.8826372242342383,0.771507505532343,0.8829817182090725,0.7769634457545748,0.8680925525572639,0.7542267977029499,0.7932800857490245,1.0,0.0,1.0,0.0,0.0,0.0,1.0,4.0
5.0,0.0,1.0,0.0,0.0,0.0,1.0,0.0,0.0,1.0,1.0,0.0,0.0,0.0,1.0,0.0,0.0,1.0,1.0,0.0,1.0,0.0,1.0,0.0,1.0,0.0,0.6620503016536243,0.7852510834207572,0.7731717560394049,0.9138413405094146,0.7801671132221184,0.9208876597024991,0.9147789367685266,0.802298108009326,0.9549710825441828,0.8111386348190246,1.0,0.0,1.0,0.0,0.0,0.0,1.0,4.0
5.0,0.0,1.0,0.0,0.0,0.0,1.0,0.0,0.0,1.0,1.0,0.0,0.0,0.0,1.0,0.0,0.0,1.0,1.0,0.0,1.0,0.0,1.0,0.0,1.0,0.0,0.6664276982663169,0.7852380300448581,0.775342950115783,0.9152635078517439,0.7801644922243134,0.9208881034306582,0.9150602175892962,0.8080538174014797,0.9549548113440516,0.8131563955603497,1.0,0.0,1.0,0.0,0.0,0.0,1.0,4.0
5.0,0.0,1.0,0.0,0.0,0.0,1.0,0.0,0.0,1.0,1.0,0.0,0.0,0.0,1.0,0.0,0.0,1.0,1.0,0.0,1.0,0.0,1.0,0.0,1.0,0.0,0.6664276982663169,0.7859966568560334,0.7752356117826702,0.9152635078517439,0.7801645064152603,0.9209062781486519,0.9150602175892962,0.8080538174014797,0.9564737213666259,0.8131563955603497,1.0,0.0,1.0,0.0,0.0,0.0,1.0,4.0
5.0,0.0,1.0,0.0,0.0,0.0,1.0,0.0,0.0,1.0,1.0,0.0,0.0,0.0,1.0,0.0,0.0,1.0,1.0,0.0,1.0,0.0,1.0,0.0,1.0,0.0,0.78256626874159,0.7292733922156761,0.7755976312770814,0.902977917038678,0.7817268366936394,0.9157341679490012,0.9021080603226775,0.7744119785658871,0.9434912406639078,0.7787993000224415,1.0,0.0,1.0,0.0,0.0,0.0,1.0,4.0
5.0,0.0,1.0,0.0,0.0,0.0,1.0,0.0,0.0,1.0,1.0,0.0,0.0,0.0,1.0,0.0,0.0,1.0,1.0,0.0,1.0,0.0,1.0,0.0,1.0,0.0,0.7488462035523572,0.9124202064596536,0.7703597440009907,0.8824482131315483,0.7715054240819976,0.8823649059510507,0.7845235994340058,0.925890138853802,0.6511789428717302,0.7753002384528861,1.0,0.0,1.0,0.0,0.0,0.0,1.0,4.0
5.0,0.0,1.0,0.0,0.0,0.0,1.0,0.0,0.0,1.0,1.0,0.0,0.0,0.0,1.0,0.0,0.0,1.0,1.0,0.0,1.0,0.0,1.0,0.0,1.0,0.0,0.7616686787461903,0.7279785778704347,0.7789915053360863,0.9038253348771739,0.7896314284199679,0.9186385819861446,0.9144233274460267,0.7732423658417956,0.960305122222537,0.7796445341213601,1.0,0.0,1.0,0.0,0.0,0.0,1.0,4.0
5.0,0.0,1.0,0.0,0.0,0.0,1.0,0.0,0.0,1.0,1.0,0.0,0.0,0.0,1.0,0.0,0.0,1.0,1.0,0.0,1.0,0.0,1.0,0.0,1.0,0.0,0.7663827956273545,0.897253593955577,0.7706033278896242,0.8826194777969193,0.7711386009704977,0.8829452555880657,0.7777435956450692,0.8680780618136973,0.7575668972899913,0.7983341518374961,1.0,0.0,1.0,0.0,0.0,0.0,1.0,4.0
5.0,0.0,1.0,0.0,0.0,0.0,1.0,0.0,0.0,1.0,1.0,0.0,0.0,0.0,1.0,0.0,0.0,1.0,1.0,0.0,1.0,0.0,1.0,0.0,1.0,0.0,0.7608044351092452,0.9122652647299674,0.7703619060386225,0.8822590172503327,0.7711571249387684,0.8823134665181174,0.7629682931804174,0.9154186194155584,0.6619936689221549,0.7846248416847112,1.0,0.0,1.0,0.0,0.0,0.0,1.0,4.0
5.0,0.0,1.0,0.0,0.0,0.0,1.0,0.0,0.0,1.0,1.0,0.0,0.0,0.0,1.0,0.0,0.0,1.0,1.0,0.0,1.0,0.0,1.0,0.0,1.0,0.0,0.7663367617208783,0.89728098954369,0.7703473207799257,0.8823564008729406,0.7715241168345867,0.8829425392558614,0.776964105284498,0.8683660117779994,0.7542267977029499,0.7932800857490245,1.0,0.0,1.0,0.0,0.0,0.0,1.0,4.0
5.0,0.0,1.0,0.0,0.0,0.0,1.0,0.0,0.0,1.0,1.0,0.0,0.0,0.0,1.0,0.0,0.0,1.0,1.0,0.0,1.0,0.0,1.0,0.0,1.0,0.0,0.7713548743326128,0.9178355677919262,0.7709714954674025,0.8848590384533056,0.7710176742086495,0.8840464458926913,0.7778258217143156,0.9187378460383215,0.6525686420906025,0.7910580834848995,1.0,0.0,1.0,0.0,0.0,0.0,1.0,4.0
5.0,0.0,1.0,0.0,0.0,0.0,1.0,0.0,0.0,1.0,1.0,0.0,0.0,0.0,1.0,0.0,0.0,1.0,1.0,0.0,1.0,0.0,1.0,0.0,1.0,0.0,0.772257349648023,0.9178987397297311,0.7708435238900913,0.8848560488903529,0.7710145296725258,0.8840464458926913,0.7776533056869064,0.9190222442817795,0.6512539350703723,0.79196919871154,1.0,0.0,1.0,0.0,0.0,0.0,1.0,4.0
5.0,0.0,1.0,0.0,0.0,0.0,1.0,0.0,0.0,1.0,1.0,0.0,0.0,0.0,1.0,0.0,0.0,1.0,1.0,0.0,1.0,0.0,1.0,0.0,1.0,0.0,0.7657201192115135,0.8997268348859869,0.7707370406430939,0.8826187059666863,0.7711411142618573,0.8829807523466834,0.7778267905345619,0.8663385185883121,0.8348940957833392,0.7940265007551555,1.0,0.0,1.0,0.0,0.0,0.0,1.0,4.0
5.0,0.0,1.0,0.0,0.0,0.0,1.0,0.0,0.0,1.0,1.0,0.0,0.0,0.0,1.0,0.0,0.0,1.0,1.0,0.0,1.0,0.0,1.0,0.0,1.0,0.0,0.7723454097349285,0.9181964666480383,0.7708435238900913,0.8848896139036578,0.7710145296725258,0.8841227390305862,0.7776766335888639,0.9185123356412098,0.6539859195568053,0.79196919871154,1.0,0.0,1.0,0.0,0.0,0.0,1.0,4.0
5.0,0.0,1.0,0.0,0.0,0.0,1.0,0.0,0.0,1.0,1.0,0.0,0.0,0.0,1.0,0.0,0.0,1.0,1.0,0.0,1.0,0.0,1.0,0.0,1.0,0.0,0.7651142681062969,0.8990324846080754,0.7702804613260942,0.8825929910925394,0.7710366323232778,0.8829910946681302,0.7778287975356384,0.8663445919706391,0.8348940957833392,0.7935789079635392,1.0,0.0,1.0,0.0,0.0,0.0,1.0,4.0
5.0,0.0,1.0,0.0,0.0,0.0,1.0,0.0,0.0,1.0,1.0,0.0,0.0,0.0,1.0,0.0,0.0,1.0,1.0,0.0,1.0,0.0,1.0,0.0,1.0,0.0,0.7595019164282213,0.7279785778704347,0.77119548623952,0.9035653652120542,0.7895614100432918,0.920802098320866,0.9128615099127414,0.774285212065022,0.9606868253228301,0.7795623710058737,1.0,0.0,1.0,0.0,0.0,0.0,1.0,4.0
5.0,0.0,1.0,0.0,0.0,0.0,1.0,0.0,0.0,1.0,1.0,0.0,0.0,0.0,1.0,0.0,0.0,1.0,1.0,0.0,1.0,0.0,1.0,0.0,1.0,0.0,0.7616016296371206,0.7278465355843335,0.7786945697068565,0.9038645623773028,0.7895124966651925,0.9207735007178363,0.9141668075493098,0.7732780398506977,0.9605167985217801,0.7797658640831818,1.0,0.0,1.0,0.0,0.0,0.0,1.0,4.0
5.0,0.0,1.0,0.0,0.0,0.0,1.0,0.0,0.0,1.0,1.0,0.0,0.0,0.0,1.0,0.0,0.0,1.0,1.0,0.0,1.0,0.0,1.0,0.0,1.0,0.0,0.7651271875126668,0.8978499530458818,0.7710148981194832,0.882599166373716,0.7711448678323228,0.8829923769243272,0.777741076162057,0.8670449513618921,0.8297714363150855,0.7912102245132399,1.0,0.0,1.0,0.0,0.0,0.0,1.0,4.0
5.0,0.0,1.0,0.0,0.0,0.0,1.0,0.0,0.0,1.0,1.0,0.0,0.0,0.0,1.0,0.0,0.0,1.0,1.0,0.0,1.0,0.0,1.0,0.0,1.0,0.0,0.7663367617208783,0.89728098954369,0.7705939480127751,0.8826370349892159,0.771507505532343,0.8829817182090725,0.776964105284498,0.8680920727437798,0.7542267977029499,0.7932800857490245,1.0,0.0,1.0,0.0,0.0,0.0,1.0,4.0
5.0,0.0,1.0,0.0,0.0,0.0,1.0,0.0,0.0,1.0,1.0,0.0,0.0,0.0,1.0,0.0,0.0,1.0,1.0,0.0,1.0,0.0,1.0,0.0,1.0,0.0,0.78256626874159,0.7287008494634079,0.7757642695579778,0.9029785336692205,0.781675652006182,0.9157104420891246,0.9021080603226775,0.7742486242795492,0.9434912406639078,0.7776162847363404,1.0,0.0,1.0,0.0,0.0,0.0,1.0,4.0
5.0,0.0,1.0,0.0,0.0,0.0,1.0,0.0,0.0,1.0,1.0,0.0,0.0,0.0,1.0,0.0,0.0,1.0,1.0,0.0,1.0,0.0,1.0,0.0,1.0,0.0,0.767313841520082,0.7279785778704347,0.7711926777635731,0.9033259239787674,0.7897019364160944,0.9197487694681901,0.9118584253276808,0.7731543553498049,0.959444241133123,0.7807762676298275,1.0,0.0,1.0,0.0,0.0,0.0,1.0,4.0
5.0,0.0,1.0,0.0,0.0,0.0,1.0,0.0,0.0,1.0,1.0,0.0,0.0,0.0,1.0,0.0,0.0,1.0,1.0,0.0,1.0,0.0,1.0,0.0,1.0,0.0,0.7663792258586516,0.8973064964205089,0.7705995815086369,0.8826457131805077,0.7711536430728853,0.8829429168946852,0.776976256933201,0.8681646419049002,0.7572360711371736,0.7885807148321056,1.0,0.0,1.0,0.0,0.0,0.0,1.0,4.0
5.0,0.0,1.0,0.0,0.0,0.0,1.0,0.0,0.0,1.0,1.0,0.0,0.0,0.0,1.0,0.0,0.0,1.0,1.0,0.0,1.0,0.0,1.0,0.0,1.0,0.0,0.7865502491230656,0.7286994449491678,0.7720483650480539,0.9033203117473724,0.7802844734135863,0.9185093502998543,0.9021079588758252,0.7758146555979245,0.9435134991234981,0.7775820243723132,1.0,0.0,1.0,0.0,0.0,0.0,1.0,4.0
5.0,0.0,1.0,0.0,0.0,0.0,1.0,0.0,0.0,1.0,1.0,0.0,0.0,0.0,1.0,0.0,0.0,1.0,1.0,0.0,1.0,0.0,1.0,0.0,1.0,0.0,0.7487460527297631,0.9017089058036383,0.7703592164099305,0.882370079786775,0.7711850508157714,0.8824970532678647,0.7757053757441854,0.9223189932551533,0.6408516852215814,0.7751126822486409,1.0,0.0,1.0,0.0,0.0,0.0,1.0,4.0
5.0,0.0,1.0,0.0,0.0,0.0,1.0,0.0,0.0,1.0,1.0,0.0,0.0,0.0,1.0,0.0,0.0,1.0,1.0,0.0,1.0,0.0,1.0,0.0,1.0,0.0,0.7651142681062969,0.8997636258611503,0.7702804613260942,0.8826315442333457,0.7710355353379253,0.8829434457662688,0.7778287975356384,0.8663385185883121,0.83265083309741,0.7938914232782591,1.0,0.0,1.0,0.0,0.0,0.0,1.0,4.0
5.0,0.0,1.0,0.0,0.0,0.0,1.0,0.0,0.0,1.0,1.0,0.0,0.0,0.0,1.0,0.0,0.0,1.0,1.0,0.0,1.0,0.0,1.0,0.0,1.0,0.0,0.7479807711068736,0.9016800213503952,0.7703443858781548,0.882370079786775,0.7711910150092524,0.8823735396866947,0.7634341548984247,0.9203466321692484,0.6428708936282337,0.7694704869136926,1.0,0.0,1.0,0.0,0.0,0.0,1.0,4.0
5.0,0.0,1.0,0.0,0.0,0.0,1.0,0.0,0.0,1.0,1.0,0.0,0.0,0.0,1.0,0.0,0.0,1.0,1.0,0.0,1.0,0.0,1.0,0.0,1.0,0.0,0.7549881855925579,0.729297858809571,0.773434781275788,0.9029520597330559,0.7801885406546233,0.9157417596404025,0.8998935350340127,0.7743939038728564,0.938319005646921,0.7729194081261104,1.0,0.0,1.0,0.0,0.0,0.0,1.0,4.0
5.0,0.0,1.0,0.0,0.0,0.0,1.0,0.0,0.0,1.0,1.0,0.0,0.0,0.0,1.0,0.0,0.0,1.0,1.0,0.0,1.0,0.0,1.0,0.0,1.0,0.0,0.7663983910119395,0.8978712815980994,0.7705998148795865,0.8825800589412982,0.7711514457152401,0.8829420138024446,0.7769626331895879,0.8680780618136973,0.7575668972899913,0.7847705983996732,1.0,0.0,1.0,0.0,0.0,0.0,1.0,4.0
5.0,0.0,1.0,0.0,0.0,0.0,1.0,0.0,0.0,1.0,1.0,0.0,0.0,0.0,1.0,0.0,0.0,1.0,1.0,0.0,1.0,0.0,1.0,0.0,1.0,0.0,0.7626961733560176,0.7286086414824999,0.7711679455772072,0.9038276386477943,0.7896695804184608,0.9208386685704595,0.9129115231858592,0.7754578724188134,0.9605968525805667,0.779725247361831,1.0,0.0,1.0,0.0,0.0,0.0,1.0,4.0
5.0,0.0,1.0,0.0,0.0,0.0,1.0,0.0,0.0,1.0,1.0,0.0,0.0,0.0,1.0,0.0,0.0,1.0,1.0,0.0,1.0,0.0,1.0,0.0,1.0,0.0,0.7667803472122544,0.8978844887305117,0.7702972967734865,0.8826184289185276,0.7709885012611514,0.8829154449213625,0.7769526652882525,0.8671326820385005,0.8328566668296908,0.793870067629179,1.0,0.0,1.0,0.0,0.0,0.0,1.0,4.0
5.0,0.0,1.0,0.0,0.0,0.0,1.0,0.0,0.0,1.0,1.0,0.0,0.0,0.0,1.0,0.0,0.0,1.0,1.0,0.0,1.0,0.0,1.0,0.0,1.0,0.0,0.7479923402485834,0.9017089058036383,0.7703620646730374,0.8822939665449151,0.7711766876430481,0.8823887508041233,0.7648389432428205,0.9223536048582086,0.6410198090213299,0.775219236665602,1.0,0.0,1.0,0.0,0.0,0.0,1.0,4.0
5.0,0.0,1.0,0.0,0.0,0.0,1.0,0.0,0.0,1.0,1.0,0.0,0.0,0.0,1.0,0.0,0.0,1.0,1.0,0.0,1.0,0.0,1.0,0.0,1.0,0.0,0.7915816865666887,0.7287246012956553,0.7733013521900065,0.903322793490351,0.7818789408236385,0.9184454405397546,0.9020820717050196,0.7732816529319175,0.9440934270435046,0.7776117414503669,1.0,0.0,1.0,0.0,0.0,0.0,1.0,4.0
5.0,0.0,1.0,0.0,0.0,0.0,1.0,0.0,0.0,1.0,1.0,0.0,0.0,0.0,1.0,0.0,0.0,1.0,1.0,0.0,1.0,0.0,1.0,0.0,1.0,0.0,0.7873553522352735,0.7280020419280684,0.7698512410094484,0.903574621240937,0.7818764955246461,0.9211273064999069,0.9042643751922501,0.774245875450397,0.9492477681462156,0.7786632209501991,1.0,0.0,1.0,0.0,0.0,0.0,1.0,4.0
5.0,0.0,1.0,0.0,0.0,0.0,1.0,0.0,0.0,1.0,1.0,0.0,0.0,0.0,1.0,0.0,0.0,1.0,1.0,0.0,1.0,0.0,1.0,0.0,1.0,0.0,0.7861306991237551,0.7287186087372506,0.7708568819780858,0.9037424031942785,0.7818736363750156,0.9186706310104291,0.9021142007229398,0.7737285036658605,0.945314752925166,0.7776259984967075,1.0,0.0,1.0,0.0,0.0,0.0,1.0,4.0
5.0,0.0,1.0,0.0,0.0,0.0,1.0,0.0,0.0,1.0,1.0,0.0,0.0,0.0,1.0,0.0,0.0,1.0,1.0,0.0,1.0,0.0,1.0,0.0,1.0,0.0,0.7703557387855108,0.9165151746069532,0.7707541365296057,0.8848319990753778,0.7710164145504649,0.8841536537281962,0.7775559525647,0.9183901088869705,0.6521880969975213,0.791765705386911,1.0,0.0,1.0,0.0,0.0,0.0,1.0,4.0
5.0,0.0,1.0,0.0,0.0,0.0,1.0,0.0,0.0,1.0,1.0,0.0,0.0,0.0,1.0,0.0,0.0,1.0,1.0,0.0,1.0,0.0,1.0,0.0,1.0,0.0,0.7663787959824796,0.8978712815980994,0.7706031312163362,0.8826175354215592,0.7711536794090811,0.8829436468989157,0.7769639874893032,0.8680779260501267,0.7579575994128545,0.7889208181170827,1.0,0.0,1.0,0.0,0.0,0.0,1.0,4.0
5.0,0.0,1.0,0.0,0.0,0.0,1.0,0.0,0.0,1.0,1.0,0.0,0.0,0.0,1.0,0.0,0.0,1.0,1.0,0.0,1.0,0.0,1.0,0.0,1.0,0.0,0.7865502491230656,0.7286994449491678,0.7720491527475936,0.9033203117473724,0.7803034212536765,0.9175352508232605,0.9021079588758252,0.7758146555979245,0.9435134991234981,0.7775822320287848,1.0,0.0,1.0,0.0,0.0,0.0,1.0,4.0
5.0,0.0,1.0,0.0,0.0,0.0,1.0,0.0,0.0,1.0,1.0,0.0,0.0,0.0,1.0,0.0,0.0,1.0,1.0,0.0,1.0,0.0,1.0,0.0,1.0,0.0,0.7865502491230656,0.7287186087372506,0.7700976190597274,0.9029555879072062,0.7803350553142872,0.9175352508232605,0.9021134011455808,0.7759873424244259,0.945032004822746,0.7775892447012912,1.0,0.0,1.0,0.0,0.0,0.0,1.0,4.0
5.0,0.0,1.0,0.0,0.0,0.0,1.0,0.0,0.0,1.0,1.0,0.0,0.0,0.0,1.0,0.0,0.0,1.0,1.0,0.0,1.0,0.0,1.0,0.0,1.0,0.0,0.7866137447630803,0.7287244435454291,0.7697007271657521,0.9038623242010861,0.7818756497802016,0.9193749169616294,0.9021134011455808,0.7736848983828641,0.9453496739175153,0.7776272181317636,1.0,0.0,1.0,0.0,0.0,0.0,1.0,4.0
5.0,0.0,1.0,0.0,0.0,0.0,1.0,0.0,0.0,1.0,1.0,0.0,0.0,0.0,1.0,0.0,0.0,1.0,1.0,0.0,1.0,0.0,1.0,0.0,1.0,0.0,0.7908703157096963,0.7280020419280684,0.7698228032051491,0.903833894720585,0.7817744134529453,0.9211264498273168,0.9042054052659684,0.7731428002883144,0.9491354157732038,0.7793158800465754,1.0,0.0,1.0,0.0,0.0,0.0,1.0,4.0
5.0,0.0,1.0,0.0,0.0,0.0,1.0,0.0,0.0,1.0,1.0,0.0,0.0,0.0,1.0,0.0,0.0,1.0,1.0,0.0,1.0,0.0,1.0,0.0,1.0,0.0,0.7908703157096963,0.7280020419280684,0.7698228032051491,0.903833894720585,0.7816625040378329,0.9211264498273168,0.9042054052659684,0.773142758917529,0.9491354157732038,0.7793158800465754,1.0,0.0,1.0,0.0,0.0,0.0,1.0,4.0
5.0,0.0,1.0,0.0,0.0,0.0,1.0,0.0,0.0,1.0,1.0,0.0,0.0,0.0,1.0,0.0,0.0,1.0,1.0,0.0,1.0,0.0,1.0,0.0,1.0,0.0,0.7651142681062969,0.8997242887483791,0.7702804613260942,0.8826352228778539,0.7710366323232778,0.8829813684954052,0.7778267905345619,0.8663385185883121,0.8348940957833392,0.7933231404107177,1.0,0.0,1.0,0.0,0.0,0.0,1.0,4.0
5.0,0.0,1.0,0.0,0.0,0.0,1.0,0.0,0.0,1.0,1.0,0.0,0.0,0.0,1.0,0.0,0.0,1.0,1.0,0.0,1.0,0.0,1.0,0.0,1.0,0.0,0.786597661999742,0.7286996122277422,0.7755976312770814,0.9029537102071976,0.7817268366936394,0.9159109821704274,0.9021080603226775,0.7736390493001535,0.9435030813199761,0.7776763448449263,1.0,0.0,1.0,0.0,0.0,0.0,1.0,4.0
5.0,0.0,1.0,0.0,0.0,0.0,1.0,0.0,0.0,1.0,1.0,0.0,0.0,0.0,1.0,0.0,0.0,1.0,1.0,0.0,1.0,0.0,1.0,0.0,1.0,0.0,0.7710962401705169,0.917844920226509,0.7708516343932791,0.8849290401466006,0.7711509487745084,0.8841770182622197,0.7776865927595873,0.9183901088869705,0.6524265600158682,0.7911085417423215,1.0,0.0,1.0,0.0,0.0,0.0,1.0,4.0
5.0,0.0,1.0,0.0,0.0,0.0,1.0,0.0,0.0,1.0,1.0,0.0,0.0,0.0,1.0,0.0,0.0,1.0,1.0,0.0,1.0,0.0,1.0,0.0,1.0,0.0,0.7479807711068736,0.9016800213503952,0.7703442806397331,0.882370079786775,0.7711910150092524,0.8823742471551489,0.7634341548984247,0.920346973470659,0.6428681579396599,0.7694704869136926,1.0,0.0,1.0,0.0,0.0,0.0,1.0,4.0
5.0,0.0,1.0,0.0,0.0,0.0,1.0,0.0,0.0,1.0,1.0,0.0,0.0,0.0,1.0,0.0,0.0,1.0,1.0,0.0,1.0,0.0,1.0,0.0,1.0,0.0,0.7865502491230656,0.7287183413740531,0.7709131401121956,0.9029555879072062,0.7803350553142872,0.9186723475695586,0.9021136981051663,0.7758304186895734,0.9454345720354159,0.7776716288579042,1.0,0.0,1.0,0.0,0.0,0.0,1.0,4.0
5.0,0.0,1.0,0.0,0.0,0.0,1.0,0.0,0.0,1.0,1.0,0.0,0.0,0.0,1.0,0.0,0.0,1.0,1.0,0.0,1.0,0.0,1.0,0.0,1.0,0.0,0.7825507091440093,0.7287026115996206,0.7712247490038405,0.902977917038678,0.7804036469797031,0.9157341679490012,0.9021081561590938,0.7758474293412261,0.9434391090379383,0.7788202951433516,1.0,0.0,1.0,0.0,0.0,0.0,1.0,4.0
5.0,0.0,1.0,0.0,0.0,0.0,1.0,0.0,0.0,1.0,1.0,0.0,0.0,0.0,1.0,0.0,0.0,1.0,1.0,0.0,1.0,0.0,1.0,0.0,1.0,0.0,0.7910168473172986,0.7280280382113178,0.7710270963174927,0.9035811399951015,0.7816186214782413,0.9207604874809484,0.9043520543730889,0.7741303267404238,0.9488836662991119,0.7787513004859279,1.0,0.0,1.0,0.0,0.0,0.0,1.0,4.0
5.0,0.0,1.0,0.0,0.0,0.0,1.0,0.0,0.0,1.0,1.0,0.0,0.0,0.0,1.0,0.0,0.0,1.0,1.0,0.0,1.0,0.0,1.0,0.0,1.0,0.0,0.7861528315097752,0.7280020419280684,0.7699088670345932,0.9035453405449114,0.7813589818801774,0.9198826958518429,0.9020802401758996,0.7732736066213849,0.945429920220271,0.7775956983565583,1.0,0.0,1.0,0.0,0.0,0.0,1.0,4.0
5.0,0.0,1.0,0.0,0.0,0.0,1.0,0.0,0.0,1.0,1.0,0.0,0.0,0.0,1.0,0.0,0.0,1.0,1.0,0.0,1.0,0.0,1.0,0.0,1.0,0.0,0.7481883578618688,0.9124202064596536,0.770340344290901,0.8824504860175999,0.7715054240819976,0.8823500037262936,0.7845235994340058,0.9261504974307198,0.6511789428717302,0.7753073865884624,1.0,0.0,1.0,0.0,0.0,0.0,1.0,4.0
5.0,0.0,1.0,0.0,0.0,0.0,1.0,0.0,0.0,1.0,1.0,0.0,0.0,0.0,1.0,0.0,0.0,1.0,1.0,0.0,1.0,0.0,1.0,0.0,1.0,0.0,0.7651271875126668,0.8978499530458818,0.7710148981194832,0.882599166373716,0.7711448678323228,0.8829903110744317,0.777741076162057,0.8670449513618921,0.8297714363150855,0.7913938281182001,1.0,0.0,1.0,0.0,0.0,0.0,1.0,4.0
5.0,0.0,1.0,0.0,0.0,0.0,1.0,0.0,0.0,1.0,1.0,0.0,0.0,0.0,1.0,0.0,0.0,1.0,1.0,0.0,1.0,0.0,1.0,0.0,1.0,0.0,0.7483045546411387,0.7625731814241028,0.7599345234849757,0.8757520401285371,0.761900545113898,0.881844390087117,0.7534938469734322,0.7085797998001886,0.6811999768866434,0.7255481820887901,1.0,0.0,1.0,0.0,0.0,0.0,1.0,4.0
5.0,0.0,1.0,0.0,0.0,0.0,1.0,0.0,0.0,1.0,1.0,0.0,0.0,0.0,1.0,0.0,0.0,1.0,1.0,0.0,1.0,0.0,1.0,0.0,1.0,0.0,0.7663792258586516,0.8978383464276584,0.7705995821718237,0.8826232370011173,0.7709997276922713,0.8829123341013388,0.776971711377735,0.8681646419049002,0.7544443048748489,0.7890293416586055,1.0,0.0,1.0,0.0,0.0,0.0,1.0,4.0
5.0,0.0,1.0,0.0,0.0,0.0,1.0,0.0,0.0,1.0,1.0,0.0,0.0,0.0,1.0,0.0,0.0,1.0,1.0,0.0,1.0,0.0,1.0,0.0,1.0,0.0,0.7508777089673901,0.764879042676174,0.7599749793151884,0.8757520401285371,0.7632473155359318,0.8816498388203081,0.7534938469734322,0.7074143579040866,0.6799626540473834,0.7258954547168466,1.0,0.0,1.0,0.0,0.0,0.0,1.0,4.0
5.0,0.0,1.0,0.0,0.0,0.0,1.0,0.0,0.0,1.0,1.0,0.0,0.0,0.0,1.0,0.0,0.0,1.0,1.0,0.0,1.0,0.0,1.0,0.0,1.0,0.0,0.7508777089673901,0.7618751577013327,0.7599749793151884,0.8757520401285371,0.7629749040997928,0.8816498388203081,0.7534938469734322,0.7074143579040866,0.6813945105038778,0.7255481820887901,1.0,0.0,1.0,0.0,0.0,0.0,1.0,4.0
5.0,0.0,1.0,0.0,0.0,0.0,1.0,0.0,0.0,1.0,1.0,0.0,0.0,0.0,1.0,0.0,0.0,1.0,1.0,0.0,1.0,0.0,1.0,0.0,1.0,0.0,0.7614726793639884,0.7279785778704347,0.7789915053360863,0.9038253348771739,0.7896314284199679,0.9207970650756768,0.9144233274460267,0.7735517399258638,0.960305122222537,0.7796445341213601,1.0,0.0,1.0,0.0,0.0,0.0,1.0,4.0
5.0,0.0,1.0,0.0,0.0,0.0,1.0,0.0,0.0,1.0,1.0,0.0,0.0,0.0,1.0,0.0,0.0,1.0,1.0,0.0,1.0,0.0,1.0,0.0,1.0,0.0,0.7663792258586516,0.8978712815980994,0.7706031087940816,0.882619007008052,0.77116041953882,0.8829453098718474,0.7769641031587724,0.8680780618136973,0.7625480144794943,0.7873354147202618,1.0,0.0,1.0,0.0,0.0,0.0,1.0,4.0
5.0,0.0,1.0,0.0,0.0,0.0,1.0,0.0,0.0,1.0,1.0,0.0,0.0,0.0,1.0,0.0,0.0,1.0,1.0,0.0,1.0,0.0,1.0,0.0,1.0,0.0,0.7877049617031238,0.7280020419280684,0.7698737044932765,0.9030086281011415,0.7816911045279511,0.9198113651781422,0.9042062381316368,0.7750914638656539,0.9491053303188608,0.7777164736478327,1.0,0.0,1.0,0.0,0.0,0.0,1.0,4.0
5.0,0.0,1.0,0.0,0.0,0.0,1.0,0.0,0.0,1.0,1.0,0.0,0.0,0.0,1.0,0.0,0.0,1.0,1.0,0.0,1.0,0.0,1.0,0.0,1.0,0.0,0.777867209212311,0.7286996020657788,0.7757716399681204,0.9033230937384122,0.781675268526973,0.9153388182798193,0.9020820717050196,0.7732816529319175,0.9445205319536121,0.7776117414503669,1.0,0.0,1.0,0.0,0.0,0.0,1.0,4.0
5.0,0.0,1.0,0.0,0.0,0.0,1.0,0.0,0.0,1.0,1.0,0.0,0.0,0.0,1.0,0.0,0.0,1.0,1.0,0.0,1.0,0.0,1.0,0.0,1.0,0.0,0.766379370022331,0.8972805988569421,0.7705995735711785,0.8826457131805077,0.7711536430728853,0.8829425242081778,0.776976256933201,0.8680774244173859,0.7572360711371736,0.7885807148321056,1.0,0.0,1.0,0.0,0.0,0.0,1.0,4.0
5.0,0.0,1.0,0.0,0.0,0.0,1.0,0.0,0.0,1.0,1.0,0.0,0.0,0.0,1.0,0.0,0.0,1.0,1.0,0.0,1.0,0.0,1.0,0.0,1.0,0.0,0.787775459455872,0.7280038883449335,0.7697593505116361,0.9026673701373705,0.7818707273088509,0.9187300484266024,0.9042062381316368,0.7750837441745281,0.9489389701848577,0.7782625055950344,1.0,0.0,1.0,0.0,0.0,0.0,1.0,4.0
5.0,0.0,1.0,0.0,0.0,0.0,1.0,0.0,0.0,1.0,1.0,0.0,0.0,0.0,1.0,0.0,0.0,1.0,1.0,0.0,1.0,0.0,1.0,0.0,1.0,0.0,0.7854337626609044,0.728681341044749,0.7766948861849068,0.902871828688418,0.7817268366936394,0.9154641952406081,0.9022989211133683,0.773659169646931,0.9434925465346965,0.7776652749544558,1.0,0.0,1.0,0.0,0.0,0.0,1.0,4.0
5.0,0.0,1.0,0.0,0.0,0.0,1.0,0.0,0.0,1.0,1.0,0.0,0.0,0.0,1.0,0.0,0.0,1.0,1.0,0.0,1.0,0.0,1.0,0.0,1.0,0.0,0.7771896002047733,0.7286996664067663,0.7756848446065459,0.9033393181992143,0.7816720139448797,0.9154367846055846,0.9022324131113684,0.7736328167252065,0.9445352690333306,0.7778614987130836,1.0,0.0,1.0,0.0,0.0,0.0,1.0,4.0
5.0,0.0,1.0,0.0,0.0,0.0,1.0,0.0,0.0,1.0,1.0,0.0,0.0,0.0,1.0,0.0,0.0,1.0,1.0,0.0,1.0,0.0,1.0,0.0,1.0,0.0,0.7854552159535728,0.7286849219787884,0.7766948861849068,0.9029158982918782,0.7817268366936394,0.915472202787209,0.9022989211133683,0.773659169646931,0.9434925465346965,0.7776652749544558,1.0,0.0,1.0,0.0,0.0,0.0,1.0,4.0
5.0,0.0,1.0,0.0,0.0,0.0,1.0,0.0,0.0,1.0,1.0,0.0,0.0,0.0,1.0,0.0,0.0,1.0,1.0,0.0,1.0,0.0,1.0,0.0,1.0,0.0,0.7614751470343838,0.7279696717534392,0.7707610299161909,0.9038263658346481,0.7896368545992892,0.9207627899302488,0.912859864956618,0.7732243187077182,0.9598175925940375,0.7795498338584046,1.0,0.0,1.0,0.0,0.0,0.0,1.0,4.0
5.0,0.0,1.0,0.0,0.0,0.0,1.0,0.0,0.0,1.0,1.0,0.0,0.0,0.0,1.0,0.0,0.0,1.0,1.0,0.0,1.0,0.0,1.0,0.0,1.0,0.0,0.7871777202132286,0.727978617488749,0.7697665928362352,0.9025153545960726,0.7818686737169751,0.9197536052782649,0.9042054052659684,0.775173937220857,0.9491053303188608,0.778689014864532,1.0,0.0,1.0,0.0,0.0,0.0,1.0,4.0
5.0,0.0,1.0,0.0,0.0,0.0,1.0,0.0,0.0,1.0,1.0,0.0,0.0,0.0,1.0,0.0,0.0,1.0,1.0,0.0,1.0,0.0,1.0,0.0,1.0,0.0,0.7484749688415455,0.9017089058036383,0.7703605904012346,0.882333488773321,0.7711970886373266,0.8824044427375984,0.764337176589276,0.9219770103304428,0.6412939563280754,0.7708499376140209,1.0,0.0,1.0,0.0,0.0,0.0,1.0,4.0
5.0,0.0,1.0,0.0,0.0,0.0,1.0,0.0,0.0,1.0,1.0,0.0,0.0,0.0,1.0,0.0,0.0,1.0,1.0,0.0,1.0,0.0,1.0,0.0,1.0,0.0,0.7663792258586516,0.8978383464276584,0.7705995821718237,0.8826457131805077,0.7711536430728853,0.8829124499808989,0.7769756968586358,0.8681646419049002,0.7576197692552817,0.7885807148321056,1.0,0.0,1.0,0.0,0.0,0.0,1.0,4.0
5.0,0.0,1.0,0.0,0.0,0.0,1.0,0.0,0.0,1.0,1.0,0.0,0.0,0.0,1.0,0.0,0.0,1.0,1.0,0.0,1.0,0.0,1.0,0.0,1.0,0.0,0.786597661999742,0.7287246434352754,0.7732032869350267,0.9029944678170615,0.7818524643983739,0.9159531138533156,0.9021148588327562,0.7742645837950586,0.9441076133068161,0.777703506756705,1.0,0.0,1.0,0.0,0.0,0.0,1.0,4.0
5.0,0.0,1.0,0.0,0.0,0.0,1.0,0.0,0.0,1.0,1.0,0.0,0.0,0.0,1.0,0.0,0.0,1.0,1.0,0.0,1.0,0.0,1.0,0.0,1.0,0.0,0.7616346082341455,0.7280055703234903,0.7711712288475422,0.9035694510737786,0.7895490887225739,0.9207740924844727,0.9127429947471187,0.7737088172138659,0.9609116871535065,0.7795427269272508,1.0,0.0,1.0,0.0,0.0,0.0,1.0,4.0
5.0,0.0,1.0,0.0,0.0,0.0,1.0,0.0,0.0,1.0,1.0,0.0,0.0,0.0,1.0,0.0,0.0,1.0,1.0,0.0,1.0,0.0,1.0,0.0,1.0,0.0,0.7861528315097752,0.7280020419280684,0.7697283966161862,0.9035453405449114,0.7813589818801774,0.9198826958518429,0.9020802401758996,0.7732736066213849,0.945429920220271,0.7775956983565583,1.0,0.0,1.0,0.0,0.0,0.0,1.0,4.0
5.0,0.0,1.0,0.0,0.0,0.0,1.0,0.0,0.0,1.0,1.0,0.0,0.0,0.0,1.0,0.0,0.0,1.0,1.0,0.0,1.0,0.0,1.0,0.0,1.0,0.0,0.7663573721422721,0.8972095854892697,0.7706012687369085,0.8826084291252547,0.7710384879852759,0.8829925775143529,0.7769762651193123,0.8680780618136973,0.8339961336657981,0.7935537457240852,1.0,0.0,1.0,0.0,0.0,0.0,1.0,4.0
5.0,0.0,1.0,0.0,0.0,0.0,1.0,0.0,0.0,1.0,1.0,0.0,0.0,0.0,1.0,0.0,0.0,1.0,1.0,0.0,1.0,0.0,1.0,0.0,1.0,0.0,0.7867519788526729,0.7287246434352754,0.7732032869350267,0.9029944678170615,0.7818524643983739,0.9159531138533156,0.9021148588327562,0.7736390493001535,0.9441076133068161,0.777703506756705,1.0,0.0,1.0,0.0,0.0,0.0,1.0,4.0
5.0,0.0,1.0,0.0,0.0,0.0,1.0,0.0,0.0,1.0,1.0,0.0,0.0,0.0,1.0,0.0,0.0,1.0,1.0,0.0,1.0,0.0,1.0,0.0,1.0,0.0,0.7508777089673901,0.764879042676174,0.7599749793151884,0.8757520401285371,0.7633068219108237,0.8816498388203081,0.7539076270012413,0.7074143579040866,0.6799626540473834,0.7258954547168466,1.0,0.0,1.0,0.0,0.0,0.0,1.0,4.0
5.0,0.0,1.0,0.0,0.0,0.0,1.0,0.0,0.0,1.0,1.0,0.0,0.0,0.0,1.0,0.0,0.0,1.0,1.0,0.0,1.0,0.0,1.0,0.0,1.0,0.0,0.7909040775591512,0.7287183791467424,0.7731335696423302,0.903339017951153,0.7818755784976082,0.9186785070708378,0.9022329290051916,0.7736328167252065,0.9450834487339551,0.7778614987130836,1.0,0.0,1.0,0.0,0.0,0.0,1.0,4.0
5.0,0.0,1.0,0.0,0.0,0.0,1.0,0.0,0.0,1.0,1.0,0.0,0.0,0.0,1.0,0.0,0.0,1.0,1.0,0.0,1.0,0.0,1.0,0.0,1.0,0.0,0.7703529311519104,0.917844920226509,0.7708495768572349,0.8848590384533056,0.7710176742086495,0.8841536537281962,0.7777576348003925,0.9183901088869705,0.6525686420906025,0.7911085417423215,1.0,0.0,1.0,0.0,0.0,0.0,1.0,4.0
5.0,0.0,1.0,0.0,0.0,0.0,1.0,0.0,0.0,1.0,1.0,0.0,0.0,0.0,1.0,0.0,0.0,1.0,1.0,0.0,1.0,0.0,1.0,0.0,1.0,0.0,0.7615607105499062,0.727982293736431,0.7789976178504702,0.9037448469108922,0.7896695804184608,0.9199374991450463,0.914104789584789,0.7732470080398721,0.9607192351023174,0.7787938074722887,1.0,0.0,1.0,0.0,0.0,0.0,1.0,4.0
5.0,0.0,1.0,0.0,0.0,0.0,1.0,0.0,0.0,1.0,1.0,0.0,0.0,0.0,1.0,0.0,0.0,1.0,1.0,0.0,1.0,0.0,1.0,0.0,1.0,0.0,0.7663792258586516,0.8978383464276584,0.7705995821718237,0.8826457131805077,0.7711536430728853,0.8829124499808989,0.776976256933201,0.8681646419049002,0.7572477167688688,0.7885807148321056,1.0,0.0,1.0,0.0,0.0,0.0,1.0,4.0
5.0,0.0,1.0,0.0,0.0,0.0,1.0,0.0,0.0,1.0,1.0,0.0,0.0,0.0,1.0,0.0,0.0,1.0,1.0,0.0,1.0,0.0,1.0,0.0,1.0,0.0,0.7521935479540545,0.7634715563035124,0.7601745549787519,0.875640126877387,0.7630422003299138,0.8816513804304891,0.752752633114937,0.7053519069732398,0.6823062400324268,0.725944797403177,1.0,0.0,1.0,0.0,0.0,0.0,1.0,4.0
5.0,0.0,1.0,0.0,0.0,0.0,1.0,0.0,0.0,1.0,1.0,0.0,0.0,0.0,1.0,0.0,0.0,1.0,1.0,0.0,1.0,0.0,1.0,0.0,1.0,0.0,0.7507917693956484,0.7634448550514835,0.7601745549787519,0.8754900056050801,0.7627226925107432,0.8816744584267665,0.7535044291086994,0.7053496783288092,0.6813799778222612,0.7247675287363551,1.0,0.0,1.0,0.0,0.0,0.0,1.0,4.0
5.0,0.0,1.0,0.0,0.0,0.0,1.0,0.0,0.0,1.0,1.0,0.0,0.0,0.0,1.0,0.0,0.0,1.0,1.0,0.0,1.0,0.0,1.0,0.0,1.0,0.0,0.7521935479540545,0.7634715563035124,0.7601745549787519,0.8755010766828468,0.7630422003299138,0.8816744584267665,0.7536442387201926,0.7053519069732398,0.6823062400324268,0.7256293789319744,1.0,0.0,1.0,0.0,0.0,0.0,1.0,4.0
5.0,0.0,1.0,0.0,0.0,0.0,1.0,0.0,0.0,1.0,1.0,0.0,0.0,0.0,1.0,0.0,0.0,1.0,1.0,0.0,1.0,0.0,1.0,0.0,1.0,0.0,0.7713548743326128,0.9173125079191748,0.7709719757167085,0.8848590384533056,0.7710176742086495,0.8840464458926913,0.7778303529378905,0.9187378460383215,0.6525686420906025,0.7910580834848995,1.0,0.0,1.0,0.0,0.0,0.0,1.0,4.0
5.0,0.0,1.0,0.0,0.0,0.0,1.0,0.0,0.0,1.0,1.0,0.0,0.0,0.0,1.0,0.0,0.0,1.0,1.0,0.0,1.0,0.0,1.0,0.0,1.0,0.0,0.7877491940864626,0.7280020419280684,0.7697803463504918,0.9026673701373705,0.7818709083668053,0.9198964932285811,0.9042062381316368,0.775163180296072,0.9491053303188608,0.7782625055950344,1.0,0.0,1.0,0.0,0.0,0.0,1.0,4.0
5.0,0.0,1.0,0.0,0.0,0.0,1.0,0.0,0.0,1.0,1.0,0.0,0.0,0.0,1.0,0.0,0.0,1.0,1.0,0.0,1.0,0.0,1.0,0.0,1.0,0.0,0.7910918912823043,0.7280618613815347,0.7709916006169317,0.9035789283984796,0.7818760295768894,0.9208840143569121,0.9042628355333123,0.7742096967213248,0.949131211885059,0.7777502256277272,1.0,0.0,1.0,0.0,0.0,0.0,1.0,4.0
5.0,0.0,1.0,0.0,0.0,0.0,1.0,0.0,0.0,1.0,1.0,0.0,0.0,0.0,1.0,0.0,0.0,1.0,1.0,0.0,1.0,0.0,1.0,0.0,1.0,0.0,0.7852976958357799,0.7280202826085543,0.7695904217788416,0.9030398347576405,0.781864966464682,0.9186617539945948,0.9021109553239193,0.7732498420858744,0.9455671363056777,0.7776651991499076,1.0,0.0,1.0,0.0,0.0,0.0,1.0,4.0
5.0,0.0,1.0,0.0,0.0,0.0,1.0,0.0,0.0,1.0,1.0,0.0,0.0,0.0,1.0,0.0,0.0,1.0,1.0,0.0,1.0,0.0,1.0,0.0,1.0,0.0,0.748190744483439,0.9124202064596536,0.770340344290901,0.8824475549811222,0.7715054240819976,0.8823500037262936,0.7845235994340058,0.925890138853802,0.6511789428717302,0.7753002384528861,1.0,0.0,1.0,0.0,0.0,0.0,1.0,4.0
5.0,0.0,1.0,0.0,0.0,0.0,1.0,0.0,0.0,1.0,1.0,0.0,0.0,0.0,1.0,0.0,0.0,1.0,1.0,0.0,1.0,0.0,1.0,0.0,1.0,0.0,0.7509172335175437,0.7634448550514835,0.7599659604742066,0.8755255421325295,0.7627226925107432,0.8816744584267665,0.7534854980404148,0.7049965012697066,0.6813800902899558,0.7247675287363551,1.0,0.0,1.0,0.0,0.0,0.0,1.0,4.0
5.0,0.0,1.0,0.0,0.0,0.0,1.0,0.0,0.0,1.0,1.0,0.0,0.0,0.0,1.0,0.0,0.0,1.0,1.0,0.0,1.0,0.0,1.0,0.0,1.0,0.0,0.7663983910119395,0.8978712815980994,0.7705998148795865,0.8826189702674306,0.7711605457778218,0.882945074409925,0.7769626331895879,0.8680780618136973,0.7619506184196488,0.7872786000116101,1.0,0.0,1.0,0.0,0.0,0.0,1.0,4.0
5.0,0.0,1.0,0.0,0.0,0.0,1.0,0.0,0.0,1.0,1.0,0.0,0.0,0.0,1.0,0.0,0.0,1.0,1.0,0.0,1.0,0.0,1.0,0.0,1.0,0.0,0.786597661999742,0.7286729787690817,0.7754801821244509,0.9029765174702469,0.7813684264865819,0.9157042313690773,0.9023160531674063,0.7736658201126441,0.9455145681795468,0.7777265051189438,1.0,0.0,1.0,0.0,0.0,0.0,1.0,4.0
5.0,0.0,1.0,0.0,0.0,0.0,1.0,0.0,0.0,1.0,1.0,0.0,0.0,0.0,1.0,0.0,0.0,1.0,1.0,0.0,1.0,0.0,1.0,0.0,1.0,0.0,0.786597661999742,0.7287246434352754,0.7755720829576787,0.9029946366337224,0.7818456954814691,0.9159547290116221,0.902114822560699,0.7736390493001535,0.9441319344026637,0.777703506756705,1.0,0.0,1.0,0.0,0.0,0.0,1.0,4.0
5.0,0.0,1.0,0.0,0.0,0.0,1.0,0.0,0.0,1.0,1.0,0.0,0.0,0.0,1.0,0.0,0.0,1.0,1.0,0.0,1.0,0.0,1.0,0.0,1.0,0.0,0.765651808374496,0.7279785778704347,0.7711926777635731,0.9033520490086657,0.7897019364160944,0.9198788994523566,0.9118584253276808,0.7733078215695359,0.959444241133123,0.7795620088520756,1.0,0.0,1.0,0.0,0.0,0.0,1.0,4.0
5.0,0.0,1.0,0.0,0.0,0.0,1.0,0.0,0.0,1.0,1.0,0.0,0.0,0.0,1.0,0.0,0.0,1.0,1.0,0.0,1.0,0.0,1.0,0.0,1.0,0.0,0.7482998057326766,0.762436561213208,0.7601699631652202,0.8755159223805783,0.7627286576211126,0.8816560041959118,0.7528981183668746,0.7050886273061561,0.6814429705906262,0.7247004106949227,1.0,0.0,1.0,0.0,0.0,0.0,1.0,4.0
5.0,0.0,1.0,0.0,0.0,0.0,1.0,0.0,0.0,1.0,1.0,0.0,0.0,0.0,1.0,0.0,0.0,1.0,1.0,0.0,1.0,0.0,1.0,0.0,1.0,0.0,0.7614724542680988,0.7279785778704347,0.7711644571196128,0.9038253348771739,0.7896695804184608,0.9207970650756768,0.9128468579865923,0.7732243540312158,0.9607192351023174,0.7795498338584046,1.0,0.0,1.0,0.0,0.0,0.0,1.0,4.0
5.0,0.0,1.0,0.0,0.0,0.0,1.0,0.0,0.0,1.0,1.0,0.0,0.0,0.0,1.0,0.0,0.0,1.0,1.0,0.0,1.0,0.0,1.0,0.0,1.0,0.0,0.74847271683075,0.7623522220374519,0.7603780388179617,0.875529325170278,0.7630429055269827,0.8815590288850449,0.7520851951932492,0.7046374223246408,0.6813921774611941,0.7246683256903184,1.0,0.0,1.0,0.0,0.0,0.0,1.0,4.0
5.0,0.0,1.0,0.0,0.0,0.0,1.0,0.0,0.0,1.0,1.0,0.0,0.0,0.0,1.0,0.0,0.0,1.0,1.0,0.0,1.0,0.0,1.0,0.0,1.0,0.0,0.767313841520082,0.728002002309754,0.7712064312778297,0.9033041670981455,0.7897019364160944,0.9198908346916788,0.9118584253276808,0.7731543553498049,0.959444241133123,0.7807762676298275,1.0,0.0,1.0,0.0,0.0,0.0,1.0,4.0
5.0,0.0,1.0,0.0,0.0,0.0,1.0,0.0,0.0,1.0,1.0,0.0,0.0,0.0,1.0,0.0,0.0,1.0,1.0,0.0,1.0,0.0,1.0,0.0,1.0,0.0,0.7663792258586516,0.8978712815980994,0.7705995824805917,0.88263228211123,0.7711601600822852,0.8829420138024446,0.7769639874893032,0.8680780618136973,0.7575668972899913,0.7849399198117686,1.0,0.0,1.0,0.0,0.0,0.0,1.0,4.0
5.0,0.0,1.0,0.0,0.0,0.0,1.0,0.0,0.0,1.0,1.0,0.0,0.0,0.0,1.0,0.0,0.0,1.0,1.0,0.0,1.0,0.0,1.0,0.0,1.0,0.0,0.7712011813136923,0.917844920226509,0.7708660397278292,0.8848590384533056,0.7710176742086495,0.8840119839945704,0.7772967229613013,0.918922748474,0.652715044789962,0.7910580834848995,1.0,0.0,1.0,0.0,0.0,0.0,1.0,4.0
5.0,0.0,1.0,0.0,0.0,0.0,1.0,0.0,0.0,1.0,1.0,0.0,0.0,0.0,1.0,0.0,0.0,1.0,1.0,0.0,1.0,0.0,1.0,0.0,1.0,0.0,0.7511274256696937,0.7624779919023739,0.7601745549787519,0.8755011062135231,0.7627277523291984,0.8816558711015527,0.7536442387201926,0.7053519069732398,0.6823062400324268,0.7256293789319744,1.0,0.0,1.0,0.0,0.0,0.0,1.0,4.0
5.0,0.0,1.0,0.0,0.0,0.0,1.0,0.0,0.0,1.0,1.0,0.0,0.0,0.0,1.0,0.0,0.0,1.0,1.0,0.0,1.0,0.0,1.0,0.0,1.0,0.0,0.7510389765967426,0.7625731814241028,0.7599345234849757,0.8757520401285371,0.7627462904636821,0.881683573293462,0.7534938469734322,0.7085797998001886,0.6818452057112961,0.7255481820887901,1.0,0.0,1.0,0.0,0.0,0.0,1.0,4.0
5.0,0.0,1.0,0.0,0.0,0.0,1.0,0.0,0.0,1.0,1.0,0.0,0.0,0.0,1.0,0.0,0.0,1.0,1.0,0.0,1.0,0.0,1.0,0.0,1.0,0.0,0.7867210449030321,0.7287254333244801,0.7755741624750246,0.9029640645193835,0.7816746987064349,0.9153360861507882,0.9021080603226775,0.7736390493001535,0.9439597002986081,0.7776121900182196,1.0,0.0,1.0,0.0,0.0,0.0,1.0,4.0
5.0,0.0,1.0,0.0,0.0,0.0,1.0,0.0,0.0,1.0,1.0,0.0,0.0,0.0,1.0,0.0,0.0,1.0,1.0,0.0,1.0,0.0,1.0,0.0,1.0,0.0,0.786597661999742,0.7287038565329733,0.7755976284441936,0.9030359524612388,0.781680530054003,0.9158870659890945,0.9020586073535992,0.7736368420059081,0.9434578950644436,0.7777031489125465,1.0,0.0,1.0,0.0,0.0,0.0,1.0,4.0
5.0,0.0,1.0,0.0,0.0,0.0,1.0,0.0,0.0,1.0,1.0,0.0,0.0,0.0,1.0,0.0,0.0,1.0,1.0,0.0,1.0,0.0,1.0,0.0,1.0,0.0,0.7867210449030321,0.7287254333244801,0.7755741624750246,0.9029025531751339,0.7816746987064349,0.9153360861507882,0.9022341325077076,0.7736390493001535,0.9439597002986081,0.7776121900182196,1.0,0.0,1.0,0.0,0.0,0.0,1.0,4.0
5.0,0.0,1.0,0.0,0.0,0.0,1.0,0.0,0.0,1.0,1.0,0.0,0.0,0.0,1.0,0.0,0.0,1.0,1.0,0.0,1.0,0.0,1.0,0.0,1.0,0.0,0.7865502491230656,0.7287185401113453,0.7700090136190771,0.9033147338058233,0.7818883135966114,0.9187439482794286,0.9021210454670113,0.7736389099586303,0.94531640537266,0.7776083363949463,1.0,0.0,1.0,0.0,0.0,0.0,1.0,4.0
5.0,0.0,1.0,0.0,0.0,0.0,1.0,0.0,0.0,1.0,1.0,0.0,0.0,0.0,1.0,0.0,0.0,1.0,1.0,0.0,1.0,0.0,1.0,0.0,1.0,0.0,0.7510421417782903,0.7634759182435584,0.7599379172826476,0.8755151568171279,0.7627495387223613,0.8816836344002673,0.7528277904981606,0.7053437055336889,0.6813791322302337,0.7255480294492638,1.0,0.0,1.0,0.0,0.0,0.0,1.0,4.0
5.0,0.0,1.0,0.0,0.0,0.0,1.0,0.0,0.0,1.0,1.0,0.0,0.0,0.0,1.0,0.0,0.0,1.0,1.0,0.0,1.0,0.0,1.0,0.0,1.0,0.0,0.7713548743326128,0.917844920226509,0.7708418910718638,0.8848590384533056,0.7710176742086495,0.8840464458926913,0.7772967229613013,0.918922748474,0.6525686420906025,0.7910580834848995,1.0,0.0,1.0,0.0,0.0,0.0,1.0,4.0
5.0,0.0,1.0,0.0,0.0,0.0,1.0,0.0,0.0,1.0,1.0,0.0,0.0,0.0,1.0,0.0,0.0,1.0,1.0,0.0,1.0,0.0,1.0,0.0,1.0,0.0,0.7663366690225295,0.8972808833745097,0.7705939057738885,0.8826325124244424,0.771507505532343,0.8829817182090725,0.776964105284498,0.8680920727437798,0.7542267977029499,0.7932800857490245,1.0,0.0,1.0,0.0,0.0,0.0,1.0,4.0
5.0,0.0,1.0,0.0,0.0,0.0,1.0,0.0,0.0,1.0,1.0,0.0,0.0,0.0,1.0,0.0,0.0,1.0,1.0,0.0,1.0,0.0,1.0,0.0,1.0,0.0,0.7867519788526729,0.7287182126440193,0.7732032869350267,0.9029631282892329,0.7818524643983739,0.9158691815502835,0.9021133582124223,0.7737271324361977,0.9440852328279692,0.777703506756705,1.0,0.0,1.0,0.0,0.0,0.0,1.0,4.0
5.0,0.0,1.0,0.0,0.0,0.0,1.0,0.0,0.0,1.0,1.0,0.0,0.0,0.0,1.0,0.0,0.0,1.0,1.0,0.0,1.0,0.0,1.0,0.0,1.0,0.0,0.7910168473172986,0.7280280382113178,0.7710270963174927,0.9035789276086699,0.7816597279201632,0.9212202745748015,0.9043520543730889,0.7741303267404238,0.9490112394152993,0.7787513004859279,1.0,0.0,1.0,0.0,0.0,0.0,1.0,4.0
5.0,0.0,1.0,0.0,0.0,0.0,1.0,0.0,0.0,1.0,1.0,0.0,0.0,0.0,1.0,0.0,0.0,1.0,1.0,0.0,1.0,0.0,1.0,0.0,1.0,0.0,0.7614726882847651,0.7279785778704347,0.7789976178504702,0.9037488665276713,0.7896695804184608,0.9197008936023889,0.9142450526791949,0.7732470080398721,0.9607192351023174,0.7796319200774573,1.0,0.0,1.0,0.0,0.0,0.0,1.0,4.0
5.0,0.0,1.0,0.0,0.0,0.0,1.0,0.0,0.0,1.0,1.0,0.0,0.0,0.0,1.0,0.0,0.0,1.0,1.0,0.0,1.0,0.0,1.0,0.0,1.0,0.0,0.7713548743326128,0.9173218603537577,0.7708423713211698,0.8848590384533056,0.7710176742086495,0.8840464458926913,0.7773012541848762,0.918922748474,0.6525686420906025,0.7910580834848995,1.0,0.0,1.0,0.0,0.0,0.0,1.0,4.0
5.0,0.0,1.0,0.0,0.0,0.0,1.0,0.0,0.0,1.0,1.0,0.0,0.0,0.0,1.0,0.0,0.0,1.0,1.0,0.0,1.0,0.0,1.0,0.0,1.0,0.0,0.7511091477503722,0.7621105535101816,0.7601981283514107,0.8757564778460739,0.7627175671002703,0.8816578217470409,0.7536757885454725,0.7090584976459645,0.6813812688956181,0.7254628542275233,1.0,0.0,1.0,0.0,0.0,0.0,1.0,4.0
5.0,0.0,1.0,0.0,0.0,0.0,1.0,0.0,0.0,1.0,1.0,0.0,0.0,0.0,1.0,0.0,0.0,1.0,1.0,0.0,1.0,0.0,1.0,0.0,1.0,0.0,0.7865502491230656,0.7287186087372506,0.7709131401121956,0.9029555879072062,0.7803350553142872,0.9186723475695586,0.9021134011455808,0.7758304186895734,0.9454345720354159,0.7776716288579042,1.0,0.0,1.0,0.0,0.0,0.0,1.0,4.0
5.0,0.0,1.0,0.0,0.0,0.0,1.0,0.0,0.0,1.0,1.0,0.0,0.0,0.0,1.0,0.0,0.0,1.0,1.0,0.0,1.0,0.0,1.0,0.0,1.0,0.0,0.7877491940864626,0.7280020419280684,0.7697803463504918,0.9026673701373705,0.7817030650233538,0.9198964932285811,0.9042062381316368,0.7750898752440696,0.9491053303188608,0.7782625055950344,1.0,0.0,1.0,0.0,0.0,0.0,1.0,4.0
5.0,0.0,1.0,0.0,0.0,0.0,1.0,0.0,0.0,1.0,1.0,0.0,0.0,0.0,1.0,0.0,0.0,1.0,1.0,0.0,1.0,0.0,1.0,0.0,1.0,0.0,0.786597661999742,0.7287246434352754,0.775598512337258,0.9029947785630357,0.781844020956253,0.915954677655956,0.902114822560699,0.7736390493001535,0.9441319344026637,0.7777042446024628,1.0,0.0,1.0,0.0,0.0,0.0,1.0,4.0
5.0,0.0,1.0,0.0,0.0,0.0,1.0,0.0,0.0,1.0,1.0,0.0,0.0,0.0,1.0,0.0,0.0,1.0,1.0,0.0,1.0,0.0,1.0,0.0,1.0,0.0,0.7483045546411387,0.7625731814241028,0.7599345234849757,0.8757520401285371,0.761900545113898,0.881844390087117,0.7534938469734322,0.7085797998001886,0.6813799778222612,0.7255481820887901,1.0,0.0,1.0,0.0,0.0,0.0,1.0,4.0
5.0,0.0,1.0,0.0,0.0,0.0,1.0,0.0,0.0,1.0,1.0,0.0,0.0,0.0,1.0,0.0,0.0,1.0,1.0,0.0,1.0,0.0,1.0,0.0,1.0,0.0,0.7889063768826501,0.7280020419280684,0.7698228032051491,0.9035726264126039,0.781662068419566,0.9211264498273168,0.9042054052659684,0.7741883024180832,0.9491354157732038,0.7793173365474387,1.0,0.0,1.0,0.0,0.0,0.0,1.0,4.0
5.0,0.0,1.0,0.0,0.0,0.0,1.0,0.0,0.0,1.0,1.0,0.0,0.0,0.0,1.0,0.0,0.0,1.0,1.0,0.0,1.0,0.0,1.0,0.0,1.0,0.0,0.7909040775591512,0.7287184817796188,0.7721099108019698,0.9033355647166417,0.7819083532670204,0.9175693859555816,0.9021016950898069,0.7736328167252065,0.943915385003954,0.77770788241444,1.0,0.0,1.0,0.0,0.0,0.0,1.0,4.0
5.0,0.0,1.0,0.0,0.0,0.0,1.0,0.0,0.0,1.0,1.0,0.0,0.0,0.0,1.0,0.0,0.0,1.0,1.0,0.0,1.0,0.0,1.0,0.0,1.0,0.0,0.7711810267483457,0.917844920226509,0.7708495768572349,0.8849290401466006,0.7711509487745084,0.8841770182622197,0.7777576348003925,0.9183901088869705,0.6521976070557842,0.7911085417423215,1.0,0.0,1.0,0.0,0.0,0.0,1.0,4.0
5.0,0.0,1.0,0.0,0.0,0.0,1.0,0.0,0.0,1.0,1.0,0.0,0.0,0.0,1.0,0.0,0.0,1.0,1.0,0.0,1.0,0.0,1.0,0.0,1.0,0.0,0.7510389765967426,0.7625731814241028,0.7599345234849757,0.8757520401285371,0.7627462904636821,0.881683573293462,0.7534938469734322,0.7085797998001886,0.6813799778222612,0.7255481820887901,1.0,0.0,1.0,0.0,0.0,0.0,1.0,4.0
5.0,0.0,1.0,0.0,0.0,0.0,1.0,0.0,0.0,1.0,1.0,0.0,0.0,0.0,1.0,0.0,0.0,1.0,1.0,0.0,1.0,0.0,1.0,0.0,1.0,0.0,0.7663792258586516,0.8978712815980994,0.7706027856811419,0.882632350494059,0.7711601600822852,0.882942053364762,0.7769639874893032,0.8680780618136973,0.7575549316294691,0.7849399198117686,1.0,0.0,1.0,0.0,0.0,0.0,1.0,4.0
5.0,0.0,1.0,0.0,0.0,0.0,1.0,0.0,0.0,1.0,1.0,0.0,0.0,0.0,1.0,0.0,0.0,1.0,1.0,0.0,1.0,0.0,1.0,0.0,1.0,0.0,0.7909040775591512,0.7287220627037816,0.77210912310243,0.903379634187545,0.7818894054269302,0.9185436120778229,0.9021016950898069,0.7736328167252065,0.943915385003954,0.7777076747579683,1.0,0.0,1.0,0.0,0.0,0.0,1.0,4.0
5.0,0.0,1.0,0.0,0.0,0.0,1.0,0.0,0.0,1.0,1.0,0.0,0.0,0.0,1.0,0.0,0.0,1.0,1.0,0.0,1.0,0.0,1.0,0.0,1.0,0.0,0.7862030707705474,0.7287186087372506,0.7708568819780858,0.9037470013633934,0.7818736014006141,0.9186723463619532,0.9022379578309195,0.7737285036658605,0.945318234753271,0.7776626226747952,1.0,0.0,1.0,0.0,0.0,0.0,1.0,4.0
5.0,0.0,1.0,0.0,0.0,0.0,1.0,0.0,0.0,1.0,1.0,0.0,0.0,0.0,1.0,0.0,0.0,1.0,1.0,0.0,1.0,0.0,1.0,0.0,1.0,0.0,0.7488248228436686,0.7624258772686285,0.7603210096805895,0.875529325170278,0.7627193135689572,0.8816744584267665,0.7528383914307925,0.7046787905574977,0.6813768923251293,0.7247015874805236,1.0,0.0,1.0,0.0,0.0,0.0,1.0,4.0
5.0,0.0,1.0,0.0,0.0,0.0,1.0,0.0,0.0,1.0,1.0,0.0,0.0,0.0,1.0,0.0,0.0,1.0,1.0,0.0,1.0,0.0,1.0,0.0,1.0,0.0,0.7626961733560176,0.7287251802666289,0.7711848856474515,0.9038276386477943,0.7896695804184608,0.9208386685704595,0.9129115231858592,0.7754578724188134,0.9605968525805667,0.779725247361831,1.0,0.0,1.0,0.0,0.0,0.0,1.0,4.0
5.0,0.0,1.0,0.0,0.0,0.0,1.0,0.0,0.0,1.0,1.0,0.0,0.0,0.0,1.0,0.0,0.0,1.0,1.0,0.0,1.0,0.0,1.0,0.0,1.0,0.0,0.7866137447630803,0.7287244435454291,0.7699765990689139,0.9038623242010861,0.7818756497802016,0.9193749169616294,0.9021134011455808,0.7736870785489612,0.9453496739175153,0.7776272181317636,1.0,0.0,1.0,0.0,0.0,0.0,1.0,4.0
5.0,0.0,1.0,0.0,0.0,0.0,1.0,0.0,0.0,1.0,1.0,0.0,0.0,0.0,1.0,0.0,0.0,1.0,1.0,0.0,1.0,0.0,1.0,0.0,1.0,0.0,0.7852937233359857,0.7280020210536845,0.7697902507600868,0.9030411623785174,0.7818709232788261,0.9198113651781422,0.9042052848394435,0.7750945794782209,0.9491053303188608,0.7782625055950344,1.0,0.0,1.0,0.0,0.0,0.0,1.0,4.0
5.0,0.0,1.0,0.0,0.0,0.0,1.0,0.0,0.0,1.0,1.0,0.0,0.0,0.0,1.0,0.0,0.0,1.0,1.0,0.0,1.0,0.0,1.0,0.0,1.0,0.0,0.7511368084278004,0.7634440398443666,0.7601758882683588,0.8755232097146286,0.7630169209990428,0.8816845294668557,0.7528374826041967,0.7053465129318065,0.681372981170664,0.7255714112982574,1.0,0.0,1.0,0.0,0.0,0.0,1.0,4.0
5.0,0.0,1.0,0.0,0.0,0.0,1.0,0.0,0.0,1.0,1.0,0.0,0.0,0.0,1.0,0.0,0.0,1.0,1.0,0.0,1.0,0.0,1.0,0.0,1.0,0.0,0.6664276982663169,0.7852380300448581,0.7753850278574654,0.9152635078517439,0.7801644922243134,0.9208881034306582,0.9151904329722124,0.8080538174014797,0.9549659000705334,0.8131563955603497,1.0,0.0,1.0,0.0,0.0,0.0,1.0,4.0
5.0,0.0,1.0,0.0,0.0,0.0,1.0,0.0,0.0,1.0,1.0,0.0,0.0,0.0,1.0,0.0,0.0,1.0,1.0,0.0,1.0,0.0,1.0,0.0,1.0,0.0,0.7666156276544567,0.89728098954369,0.7705939480127751,0.8823550396028945,0.7715023981976963,0.8828987195272289,0.776964105284498,0.8680920727437798,0.7542267977029499,0.7932800857490245,1.0,0.0,1.0,0.0,0.0,0.0,1.0,4.0
5.0,0.0,1.0,0.0,0.0,0.0,1.0,0.0,0.0,1.0,1.0,0.0,0.0,0.0,1.0,0.0,0.0,1.0,1.0,0.0,1.0,0.0,1.0,0.0,1.0,0.0,0.7909040775591512,0.7287184009025566,0.7732465009763514,0.903339017951153,0.7818756992179031,0.918569183983044,0.9022380757612665,0.7736137757026286,0.9444624942954258,0.777850545348981,1.0,0.0,1.0,0.0,0.0,0.0,1.0,4.0
5.0,0.0,1.0,0.0,0.0,0.0,1.0,0.0,0.0,1.0,1.0,0.0,0.0,0.0,1.0,0.0,0.0,1.0,1.0,0.0,1.0,0.0,1.0,0.0,1.0,0.0,0.7885018476503717,0.7287183791467424,0.7731335696423302,0.903339017951153,0.7818755784976082,0.9186785070708378,0.9021452498243528,0.7736415382386308,0.9452199093744106,0.7778614987130836,1.0,0.0,1.0,0.0,0.0,0.0,1.0,4.0
5.0,0.0,1.0,0.0,0.0,0.0,1.0,0.0,0.0,1.0,1.0,0.0,0.0,0.0,1.0,0.0,0.0,1.0,1.0,0.0,1.0,0.0,1.0,0.0,1.0,0.0,0.7909040775591512,0.7287184806500898,0.7721264637324796,0.903339017951153,0.7818736014006141,0.9185434856961057,0.9022322951810213,0.7736328167252065,0.943911531754713,0.7778614987130836,1.0,0.0,1.0,0.0,0.0,0.0,1.0,4.0
5.0,0.0,1.0,0.0,0.0,0.0,1.0,0.0,0.0,1.0,1.0,0.0,0.0,0.0,1.0,0.0,0.0,1.0,1.0,0.0,1.0,0.0,1.0,0.0,1.0,0.0,0.7852976958357799,0.7280017056955521,0.7695904217788416,0.9030398347576405,0.7818649929589359,0.9186723475248629,0.9023104762985362,0.7732498420858744,0.9455671363056777,0.7776651991499076,1.0,0.0,1.0,0.0,0.0,0.0,1.0,4.0
5.0,0.0,1.0,0.0,0.0,0.0,1.0,0.0,0.0,1.0,1.0,0.0,0.0,0.0,1.0,0.0,0.0,1.0,1.0,0.0,1.0,0.0,1.0,0.0,1.0,0.0,0.7853223303718141,0.7280020419280684,0.7697803463504918,0.9030411623785174,0.7818708639092171,0.9198113651781422,0.9042062381316368,0.7750945794782209,0.9491053303188608,0.7782625055950344,1.0,0.0,1.0,0.0,0.0,0.0,1.0,4.0
5.0,0.0,1.0,0.0,0.0,0.0,1.0,0.0,0.0,1.0,1.0,0.0,0.0,0.0,1.0,0.0,0.0,1.0,1.0,0.0,1.0,0.0,1.0,0.0,1.0,0.0,0.7861528315097752,0.7280723877097782,0.7697273559047049,0.903334088829813,0.7817321064484796,0.9198826958518429,0.9023197570381466,0.7733099354590504,0.945754442178374,0.7776082880839212,1.0,0.0,1.0,0.0,0.0,0.0,1.0,4.0
5.0,0.0,1.0,0.0,0.0,0.0,1.0,0.0,0.0,1.0,1.0,0.0,0.0,0.0,1.0,0.0,0.0,1.0,1.0,0.0,1.0,0.0,1.0,0.0,1.0,0.0,0.7909040775591512,0.7287184817796188,0.77210912310243,0.9033355647166417,0.7818894054269302,0.9185434854321755,0.9021016950898069,0.7736328167252065,0.943915385003954,0.7777076747579683,1.0,0.0,1.0,0.0,0.0,0.0,1.0,4.0
5.0,0.0,1.0,0.0,0.0,0.0,1.0,0.0,0.0,1.0,1.0,0.0,0.0,0.0,1.0,0.0,0.0,1.0,1.0,0.0,1.0,0.0,1.0,0.0,1.0,0.0,0.74847271683075,0.7623522220374519,0.7603780388179617,0.875529325170278,0.7630061933267269,0.8816551213783446,0.7528981183668746,0.7045960108047418,0.6814468043460666,0.7246683256903184,1.0,0.0,1.0,0.0,0.0,0.0,1.0,4.0
5.0,0.0,1.0,0.0,0.0,0.0,1.0,0.0,0.0,1.0,1.0,0.0,0.0,0.0,1.0,0.0,0.0,1.0,1.0,0.0,1.0,0.0,1.0,0.0,1.0,0.0,0.786597661999742,0.7287246434352754,0.7732032869350267,0.9029944678170615,0.7818524643983739,0.9159356762225994,0.9021179589373715,0.7736328738774226,0.9441076133068161,0.777703506756705,1.0,0.0,1.0,0.0,0.0,0.0,1.0,4.0
5.0,0.0,1.0,0.0,0.0,0.0,1.0,0.0,0.0,1.0,1.0,0.0,0.0,0.0,1.0,0.0,0.0,1.0,1.0,0.0,1.0,0.0,1.0,0.0,1.0,0.0,0.7663367617208783,0.89728098954369,0.7703473207799257,0.882356539500865,0.7715241168345867,0.8829425392558614,0.7769825739204239,0.8683660117779994,0.7542267977029499,0.7932800857490245,1.0,0.0,1.0,0.0,0.0,0.0,1.0,4.0
5.0,0.0,1.0,0.0,0.0,0.0,1.0,0.0,0.0,1.0,1.0,0.0,0.0,0.0,1.0,0.0,0.0,1.0,1.0,0.0,1.0,0.0,1.0,0.0,1.0,0.0,0.6664276982663169,0.7852380300448581,0.7753850278574654,0.9152635078517439,0.7801644922243134,0.9208881034306582,0.9151904329722124,0.8080538174014797,0.9549544099575589,0.8131563955603497,1.0,0.0,1.0,0.0,0.0,0.0,1.0,4.0
5.0,0.0,1.0,0.0,0.0,0.0,1.0,0.0,0.0,1.0,1.0,0.0,0.0,0.0,1.0,0.0,0.0,1.0,1.0,0.0,1.0,0.0,1.0,0.0,1.0,0.0,0.7608044351092452,0.9122585215143386,0.7703619060386225,0.8822588187621407,0.7711428217700365,0.8823136672513554,0.7629682931804174,0.9154208362100122,0.6619048181031113,0.7846248416847112,1.0,0.0,1.0,0.0,0.0,0.0,1.0,4.0
5.0,0.0,1.0,0.0,0.0,0.0,1.0,0.0,0.0,1.0,1.0,0.0,0.0,0.0,1.0,0.0,0.0,1.0,1.0,0.0,1.0,0.0,1.0,0.0,1.0,0.0,0.7613572580517725,0.9123995002689478,0.7703612001457273,0.8845478201834982,0.7710148833627216,0.8841536537281962,0.7635967745300728,0.9154666474403637,0.6512161453485603,0.785212466766092,1.0,0.0,1.0,0.0,0.0,0.0,1.0,4.0
5.0,0.0,1.0,0.0,0.0,0.0,1.0,0.0,0.0,1.0,1.0,0.0,0.0,0.0,1.0,0.0,0.0,1.0,1.0,0.0,1.0,0.0,1.0,0.0,1.0,0.0,0.7666496950769535,0.8976665861430252,0.7709769130203117,0.8819579965498118,0.7715084216793343,0.8822784483735514,0.7778211980900892,0.8670586955695699,0.7523678792875396,0.7905867199510237,1.0,0.0,1.0,0.0,0.0,0.0,1.0,4.0
5.0,0.0,1.0,0.0,0.0,0.0,1.0,0.0,0.0,1.0,1.0,0.0,0.0,0.0,1.0,0.0,0.0,1.0,1.0,0.0,1.0,0.0,1.0,0.0,1.0,0.0,0.7883656504846324,0.7287185146625218,0.7731335696423302,0.9033386920381759,0.7818755784976082,0.9186785070708378,0.9021450051266484,0.7736415382386308,0.9452333465400192,0.7777078741234008,1.0,0.0,1.0,0.0,0.0,0.0,1.0,4.0
5.0,0.0,1.0,0.0,0.0,0.0,1.0,0.0,0.0,1.0,1.0,0.0,0.0,0.0,1.0,0.0,0.0,1.0,1.0,0.0,1.0,0.0,1.0,0.0,1.0,0.0,0.7871777202132286,0.7279778874043955,0.7697665928362352,0.9025153545960726,0.7818681311940334,0.9197536052782649,0.9042054052659684,0.7752763188657834,0.9491053303188608,0.7786879753726899,1.0,0.0,1.0,0.0,0.0,0.0,1.0,4.0
5.0,0.0,1.0,0.0,0.0,0.0,1.0,0.0,0.0,1.0,1.0,0.0,0.0,0.0,1.0,0.0,0.0,1.0,1.0,0.0,1.0,0.0,1.0,0.0,1.0,0.0,0.7663817215022697,0.897253593955577,0.7706033278896242,0.8826012436287747,0.7711341631008494,0.8829452555880657,0.7777263339350601,0.8680780618136973,0.7540438363969745,0.7983773836033021,1.0,0.0,1.0,0.0,0.0,0.0,1.0,4.0
5.0,0.0,1.0,0.0,0.0,0.0,1.0,0.0,0.0,1.0,1.0,0.0,0.0,0.0,1.0,0.0,0.0,1.0,1.0,0.0,1.0,0.0,1.0,0.0,1.0,0.0,0.7491670692921181,0.9011626445149054,0.7706002848081592,0.8826221705024122,0.7709118994847454,0.8823878531183145,0.7777709699426415,0.9161651187658121,0.635446919596746,0.7919443805761048,1.0,0.0,1.0,0.0,0.0,0.0,1.0,4.0
5.0,0.0,1.0,0.0,0.0,0.0,1.0,0.0,0.0,1.0,1.0,0.0,0.0,0.0,1.0,0.0,0.0,1.0,1.0,0.0,1.0,0.0,1.0,0.0,1.0,0.0,0.7492574950961132,0.9015904035535588,0.7703605498439626,0.8823249249125862,0.7709923646447673,0.882372931741308,0.7628198446625643,0.9202000886157858,0.6448282312920679,0.7706576397806475,1.0,0.0,1.0,0.0,0.0,0.0,1.0,4.0
5.0,0.0,1.0,0.0,0.0,0.0,1.0,0.0,0.0,1.0,1.0,0.0,0.0,0.0,1.0,0.0,0.0,1.0,1.0,0.0,1.0,0.0,1.0,0.0,1.0,0.0,0.7663774012631152,0.8978712815980994,0.7705998178620732,0.882632350494059,0.7711556040165537,0.882942060183393,0.7769264306073381,0.8680780618136973,0.7573409329757256,0.7852490510756772,1.0,0.0,1.0,0.0,0.0,0.0,1.0,4.0
5.0,0.0,1.0,0.0,0.0,0.0,1.0,0.0,0.0,1.0,1.0,0.0,0.0,0.0,1.0,0.0,0.0,1.0,1.0,0.0,1.0,0.0,1.0,0.0,1.0,0.0,0.7915884381104518,0.7287246012956553,0.7733400195838699,0.9035964888060131,0.7818789128208414,0.9184454405397546,0.9020820717050196,0.7732816529319175,0.9440934270435046,0.7776117414503669,1.0,0.0,1.0,0.0,0.0,0.0,1.0,4.0
5.0,0.0,1.0,0.0,0.0,0.0,1.0,0.0,0.0,1.0,1.0,0.0,0.0,0.0,1.0,0.0,0.0,1.0,1.0,0.0,1.0,0.0,1.0,0.0,1.0,0.0,0.7663376639189233,0.89728098954369,0.7706026199773297,0.8826465234158157,0.7711557515908052,0.8829425392558614,0.776964105284498,0.8683660117779994,0.7639970933103494,0.7932800857490245,1.0,0.0,1.0,0.0,0.0,0.0,1.0,4.0
5.0,0.0,1.0,0.0,0.0,0.0,1.0,0.0,0.0,1.0,1.0,0.0,0.0,0.0,1.0,0.0,0.0,1.0,1.0,0.0,1.0,0.0,1.0,0.0,1.0,0.0,0.7710523865134516,0.917844920226509,0.7708495768572349,0.8849683720139299,0.7711509487745084,0.8841770182622197,0.7777576348003925,0.9183901088869705,0.6521976070557842,0.7937844049976706,1.0,0.0,1.0,0.0,0.0,0.0,1.0,4.0
5.0,0.0,1.0,0.0,0.0,0.0,1.0,0.0,0.0,1.0,1.0,0.0,0.0,0.0,1.0,0.0,0.0,1.0,1.0,0.0,1.0,0.0,1.0,0.0,1.0,0.0,0.7631783085782006,0.9123753376201961,0.7707942398894058,0.8824946064692609,0.7709283875488441,0.8823943420351652,0.7649632031110492,0.9131654021232888,0.6809352123352117,0.7784774285976632,1.0,0.0,1.0,0.0,0.0,0.0,1.0,4.0
5.0,0.0,1.0,0.0,0.0,0.0,1.0,0.0,0.0,1.0,1.0,0.0,0.0,0.0,1.0,0.0,0.0,1.0,1.0,0.0,1.0,0.0,1.0,0.0,1.0,0.0,0.6664276982663169,0.784971427774226,0.7753850278574654,0.9133405951104516,0.7801644922243134,0.9208881034306582,0.9140620925089161,0.8080538174014797,0.956076136898552,0.8079550160425792,1.0,0.0,1.0,0.0,0.0,0.0,1.0,4.0
5.0,0.0,1.0,0.0,0.0,0.0,1.0,0.0,0.0,1.0,1.0,0.0,0.0,0.0,1.0,0.0,0.0,1.0,1.0,0.0,1.0,0.0,1.0,0.0,1.0,0.0,0.7663855055728779,0.8992881351936455,0.7702972967734865,0.8826369956995143,0.7709903781517725,0.8829154449213625,0.7782728985481815,0.8671326820385005,0.8328566668296908,0.7892185004660213,1.0,0.0,1.0,0.0,0.0,0.0,1.0,4.0
5.0,0.0,1.0,0.0,0.0,0.0,1.0,0.0,0.0,1.0,1.0,0.0,0.0,0.0,1.0,0.0,0.0,1.0,1.0,0.0,1.0,0.0,1.0,0.0,1.0,0.0,0.7663407254351822,0.8984727040109789,0.7703028693401627,0.882120121828681,0.7715041427257789,0.8825210595221126,0.7778295608625497,0.8643171049554379,0.8458440747031413,0.793904199839373,1.0,0.0,1.0,0.0,0.0,0.0,1.0,4.0
5.0,0.0,1.0,0.0,0.0,0.0,1.0,0.0,0.0,1.0,1.0,0.0,0.0,0.0,1.0,0.0,0.0,1.0,1.0,0.0,1.0,0.0,1.0,0.0,1.0,0.0,0.7484749688415455,0.9014071162680393,0.7703605904012346,0.882333488773321,0.7711588245754245,0.8824044427375984,0.764337176589276,0.9219770103304428,0.6412939563280754,0.7708499376140209,1.0,0.0,1.0,0.0,0.0,0.0,1.0,4.0
5.0,0.0,1.0,0.0,0.0,0.0,1.0,0.0,0.0,1.0,1.0,0.0,0.0,0.0,1.0,0.0,0.0,1.0,1.0,0.0,1.0,0.0,1.0,0.0,1.0,0.0,0.7615595269192467,0.912494743736914,0.7703582815631088,0.8822748077679246,0.7711121103080854,0.8822881572896262,0.7638856858354669,0.9154186660429595,0.6796178670744186,0.7805556637076132,1.0,0.0,1.0,0.0,0.0,0.0,1.0,4.0
5.0,0.0,1.0,0.0,0.0,0.0,1.0,0.0,0.0,1.0,1.0,0.0,0.0,0.0,1.0,0.0,0.0,1.0,1.0,0.0,1.0,0.0,1.0,0.0,1.0,0.0,0.765138469628304,0.8997297072989547,0.7702906361910967,0.8826187169419676,0.7709845206869407,0.882921129455579,0.7776820684422412,0.8663385185883121,0.8387453280763131,0.7922371666876139,1.0,0.0,1.0,0.0,0.0,0.0,1.0,4.0
5.0,0.0,1.0,0.0,0.0,0.0,1.0,0.0,0.0,1.0,1.0,0.0,0.0,0.0,1.0,0.0,0.0,1.0,1.0,0.0,1.0,0.0,1.0,0.0,1.0,0.0,0.7889422876825466,0.7280418576656312,0.7698228032051491,0.9035805566155353,0.781662068419566,0.9208398211258787,0.9042054052659684,0.7741883024180832,0.9491354157732038,0.7793223419256072,1.0,0.0,1.0,0.0,0.0,0.0,1.0,4.0
5.0,0.0,1.0,0.0,0.0,0.0,1.0,0.0,0.0,1.0,1.0,0.0,0.0,0.0,1.0,0.0,0.0,1.0,1.0,0.0,1.0,0.0,1.0,0.0,1.0,0.0,0.7663407254351822,0.8984727040109789,0.7703026657208548,0.882120121828681,0.7716857809694528,0.8825471995790554,0.7762459982352337,0.8641430783430797,0.8561979274461646,0.7939030931663789,1.0,0.0,1.0,0.0,0.0,0.0,1.0,4.0
5.0,0.0,1.0,0.0,0.0,0.0,1.0,0.0,0.0,1.0,1.0,0.0,0.0,0.0,1.0,0.0,0.0,1.0,1.0,0.0,1.0,0.0,1.0,0.0,1.0,0.0,0.7663962513965762,0.8973064964205089,0.7708077716527548,0.8826446151930869,0.7711453530087231,0.882942893745416,0.776976256933201,0.8681550739699345,0.7572360711371736,0.7903237704168599,1.0,0.0,1.0,0.0,0.0,0.0,1.0,4.0
5.0,0.0,1.0,0.0,0.0,0.0,1.0,0.0,0.0,1.0,1.0,0.0,0.0,0.0,1.0,0.0,0.0,1.0,1.0,0.0,1.0,0.0,1.0,0.0,1.0,0.0,0.7655070274960668,0.8997242887483791,0.7703581610605189,0.8827229422407582,0.7709903781517725,0.8829948406395163,0.7782853806886598,0.8663385185883121,0.8543825706744801,0.804367991237151,1.0,0.0,1.0,0.0,0.0,0.0,1.0,4.0
5.0,0.0,1.0,0.0,0.0,0.0,1.0,0.0,0.0,1.0,1.0,0.0,0.0,0.0,1.0,0.0,0.0,1.0,1.0,0.0,1.0,0.0,1.0,0.0,1.0,0.0,0.7854337626609044,0.7286718342155373,0.7766948861849068,0.902871828688418,0.7817268366936394,0.9154641952406081,0.9022989211133683,0.773659169646931,0.9434925465346965,0.7776652749544558,1.0,0.0,1.0,0.0,0.0,0.0,1.0,4.0
5.0,0.0,1.0,0.0,0.0,0.0,1.0,0.0,0.0,1.0,1.0,0.0,0.0,0.0,1.0,0.0,0.0,1.0,1.0,0.0,1.0,0.0,1.0,0.0,1.0,0.0,0.7663774012631152,0.8978712815980994,0.7706031636651087,0.8826320993698845,0.7711556040165537,0.882942060183393,0.7769647491949094,0.8680780627332368,0.757940566779221,0.7852490510756772,1.0,0.0,1.0,0.0,0.0,0.0,1.0,4.0
5.0,0.0,1.0,0.0,0.0,0.0,1.0,0.0,0.0,1.0,1.0,0.0,0.0,0.0,1.0,0.0,0.0,1.0,1.0,0.0,1.0,0.0,1.0,0.0,1.0,0.0,0.7492574950961132,0.9015400639326827,0.7703597386243738,0.8823249249125862,0.7709923646447673,0.8822971902566806,0.7771091738414747,0.9200056438328993,0.6448282312920679,0.770294768461745,1.0,0.0,1.0,0.0,0.0,0.0,1.0,4.0
5.0,0.0,1.0,0.0,0.0,0.0,1.0,0.0,0.0,1.0,1.0,0.0,0.0,0.0,1.0,0.0,0.0,1.0,1.0,0.0,1.0,0.0,1.0,0.0,1.0,0.0,0.7852937233359857,0.7279787971826892,0.7697902507600868,0.9030411623785174,0.7819537092057194,0.9197763750469802,0.9038982128551875,0.7742882120554919,0.9489793903677387,0.7782830609294588,1.0,0.0,1.0,0.0,0.0,0.0,1.0,4.0
5.0,0.0,1.0,0.0,0.0,0.0,1.0,0.0,0.0,1.0,1.0,0.0,0.0,0.0,1.0,0.0,0.0,1.0,1.0,0.0,1.0,0.0,1.0,0.0,1.0,0.0,0.7853223303718141,0.7280020419280684,0.769766458262602,0.9030411623785174,0.7818709389909452,0.9198123782785891,0.9042062381316368,0.7750945794782209,0.9491053303188608,0.7782625055950344,1.0,0.0,1.0,0.0,0.0,0.0,1.0,4.0
5.0,0.0,1.0,0.0,0.0,0.0,1.0,0.0,0.0,1.0,1.0,0.0,0.0,0.0,1.0,0.0,0.0,1.0,1.0,0.0,1.0,0.0,1.0,0.0,1.0,0.0,0.7663792258586516,0.8978712815980994,0.7705995427058824,0.8826457162976256,0.7711538421233656,0.8829425670582705,0.7769627903999796,0.8681652783978855,0.7572811245588765,0.7883781248066017,1.0,0.0,1.0,0.0,0.0,0.0,1.0,4.0
5.0,0.0,1.0,0.0,0.0,0.0,1.0,0.0,0.0,1.0,1.0,0.0,0.0,0.0,1.0,0.0,0.0,1.0,1.0,0.0,1.0,0.0,1.0,0.0,1.0,0.0,0.7651271490041079,0.8978499530458818,0.7710010297314366,0.8826358826635988,0.7711448678323228,0.8829936183706613,0.777741076162057,0.8670449513618921,0.8297714363150855,0.7912102245132399,1.0,0.0,1.0,0.0,0.0,0.0,1.0,4.0
5.0,0.0,1.0,0.0,0.0,0.0,1.0,0.0,0.0,1.0,1.0,0.0,0.0,0.0,1.0,0.0,0.0,1.0,1.0,0.0,1.0,0.0,1.0,0.0,1.0,0.0,0.7871777202132286,0.727978617488749,0.7697804809241249,0.9025153545960726,0.781868598635247,0.9197525921778179,0.9042054052659684,0.775173937220857,0.9491053303188608,0.778689014864532,1.0,0.0,1.0,0.0,0.0,0.0,1.0,4.0
5.0,0.0,1.0,0.0,0.0,0.0,1.0,0.0,0.0,1.0,1.0,0.0,0.0,0.0,1.0,0.0,0.0,1.0,1.0,0.0,1.0,0.0,1.0,0.0,1.0,0.0,0.766379370022331,0.8972805988569421,0.7706031783434878,0.8826462211805317,0.7711599610318048,0.8829457500308919,0.7769774540225247,0.8680774244173859,0.7622794399478899,0.7941073347008047,1.0,0.0,1.0,0.0,0.0,0.0,1.0,4.0
5.0,0.0,1.0,0.0,0.0,0.0,1.0,0.0,0.0,1.0,1.0,0.0,0.0,0.0,1.0,0.0,0.0,1.0,1.0,0.0,1.0,0.0,1.0,0.0,1.0,0.0,0.7865864093806532,0.7286705051531095,0.7755851792988017,0.9028739233741199,0.7817268366936394,0.9159187634972373,0.902107080596939,0.773659169646931,0.9435027156852516,0.7776652795771191,1.0,0.0,1.0,0.0,0.0,0.0,1.0,4.0
5.0,0.0,1.0,0.0,0.0,0.0,1.0,0.0,0.0,1.0,1.0,0.0,0.0,0.0,1.0,0.0,0.0,1.0,1.0,0.0,1.0,0.0,1.0,0.0,1.0,0.0,0.786754720155789,0.7287254333244801,0.7755741624750246,0.9029640645193835,0.7816758020266323,0.9153360861507882,0.9021072223477825,0.7736390493001535,0.9439727300055951,0.7776659792371644,1.0,0.0,1.0,0.0,0.0,0.0,1.0,4.0
5.0,0.0,1.0,0.0,0.0,0.0,1.0,0.0,0.0,1.0,1.0,0.0,0.0,0.0,1.0,0.0,0.0,1.0,1.0,0.0,1.0,0.0,1.0,0.0,1.0,0.0,0.7483033885828281,0.9014226405165956,0.7703714193329072,0.8823481244119155,0.7709941329745508,0.8824180809266026,0.7776070092489263,0.9219770103304428,0.6441992331356198,0.7709672468803535,1.0,0.0,1.0,0.0,0.0,0.0,1.0,4.0
5.0,0.0,1.0,0.0,0.0,0.0,1.0,0.0,0.0,1.0,1.0,0.0,0.0,0.0,1.0,0.0,0.0,1.0,1.0,0.0,1.0,0.0,1.0,0.0,1.0,0.0,0.7663971890369802,0.89728098954369,0.770603118363081,0.8826419221788636,0.7711574609937959,0.8829425240733754,0.7769260821661668,0.8680780618136973,0.7558773806006025,0.7939092885845118,1.0,0.0,1.0,0.0,0.0,0.0,1.0,4.0
5.0,0.0,1.0,0.0,0.0,0.0,1.0,0.0,0.0,1.0,1.0,0.0,0.0,0.0,1.0,0.0,0.0,1.0,1.0,0.0,1.0,0.0,1.0,0.0,1.0,0.0,0.7663794586163459,0.8978613565835205,0.7705995821718237,0.882669174350278,0.7711504631518467,0.882982289692743,0.7769632364662467,0.8681251691112218,0.8318713523138274,0.7939027520673094,1.0,0.0,1.0,0.0,0.0,0.0,1.0,4.0
5.0,0.0,1.0,0.0,0.0,0.0,1.0,0.0,0.0,1.0,1.0,0.0,0.0,0.0,1.0,0.0,0.0,1.0,1.0,0.0,1.0,0.0,1.0,0.0,1.0,0.0,0.7663618484255885,0.8978613565835205,0.7705995821718237,0.8826455811975416,0.7711508006851768,0.882982289692743,0.7769632364662467,0.8681646419049002,0.8318713523138274,0.7938746660940817,1.0,0.0,1.0,0.0,0.0,0.0,1.0,4.0
5.0,0.0,1.0,0.0,0.0,0.0,1.0,0.0,0.0,1.0,1.0,0.0,0.0,0.0,1.0,0.0,0.0,1.0,1.0,0.0,1.0,0.0,1.0,0.0,1.0,0.0,0.7663792258586516,0.8978622544463198,0.7706031474781916,0.8826186000027295,0.7711536794090811,0.8829436468989157,0.7769632040186846,0.8680779270884337,0.7580272829594462,0.7889208181170827,1.0,0.0,1.0,0.0,0.0,0.0,1.0,4.0
5.0,0.0,1.0,0.0,0.0,0.0,1.0,0.0,0.0,1.0,1.0,0.0,0.0,0.0,1.0,0.0,0.0,1.0,1.0,0.0,1.0,0.0,1.0,0.0,1.0,0.0,0.7487460527297631,0.9014899173124954,0.7703605586057372,0.8822259479300301,0.7711910153774969,0.8822954995732878,0.7647849027147222,0.9223372749190264,0.6415115531795856,0.7708024527231949,1.0,0.0,1.0,0.0,0.0,0.0,1.0,4.0
5.0,0.0,1.0,0.0,0.0,0.0,1.0,0.0,0.0,1.0,1.0,0.0,0.0,0.0,1.0,0.0,0.0,1.0,1.0,0.0,1.0,0.0,1.0,0.0,1.0,0.0,0.7506969208614752,0.7634448550514835,0.7599659604742066,0.8755255421325295,0.7627226925107432,0.8816744584267665,0.7534854980404148,0.7049965012697066,0.6813800902899558,0.7247675287363551,1.0,0.0,1.0,0.0,0.0,0.0,1.0,4.0
5.0,0.0,1.0,0.0,0.0,0.0,1.0,0.0,0.0,1.0,1.0,0.0,0.0,0.0,1.0,0.0,0.0,1.0,1.0,0.0,1.0,0.0,1.0,0.0,1.0,0.0,0.7663971890369802,0.8972900166954695,0.770603118363081,0.8826408575976933,0.7711574609937959,0.8829425240733754,0.7769268656367853,0.8680780607753903,0.7558076970540107,0.7939092885845118,1.0,0.0,1.0,0.0,0.0,0.0,1.0,4.0
5.0,0.0,1.0,0.0,0.0,0.0,1.0,0.0,0.0,1.0,1.0,0.0,0.0,0.0,1.0,0.0,0.0,1.0,1.0,0.0,1.0,0.0,1.0,0.0,1.0,0.0,0.7651280943570652,0.8972095854892697,0.7708449737944925,0.8826385553727407,0.7711468140245357,0.8829462122924209,0.77698909532585,0.8681653873660616,0.8247999964869537,0.7935601596710194,1.0,0.0,1.0,0.0,0.0,0.0,1.0,4.0
5.0,0.0,1.0,0.0,0.0,0.0,1.0,0.0,0.0,1.0,1.0,0.0,0.0,0.0,1.0,0.0,0.0,1.0,1.0,0.0,1.0,0.0,1.0,0.0,1.0,0.0,0.7631725140860571,0.7287325241798708,0.773434781275788,0.903326817296817,0.7801623664953637,0.9157417596404025,0.8999031378503818,0.7736298675818636,0.9381808812038149,0.7767048441884309,1.0,0.0,1.0,0.0,0.0,0.0,1.0,4.0
5.0,0.0,1.0,0.0,0.0,0.0,1.0,0.0,0.0,1.0,1.0,0.0,0.0,0.0,1.0,0.0,0.0,1.0,1.0,0.0,1.0,0.0,1.0,0.0,1.0,0.0,0.7915816865666887,0.7287027122271508,0.7733013521900065,0.903322793490351,0.7816748070477136,0.9184454405397546,0.9020820717050196,0.7732816529319175,0.9440981849497677,0.7776117414503669,1.0,0.0,1.0,0.0,0.0,0.0,1.0,4.0
5.0,0.0,1.0,0.0,0.0,0.0,1.0,0.0,0.0,1.0,1.0,0.0,0.0,0.0,1.0,0.0,0.0,1.0,1.0,0.0,1.0,0.0,1.0,0.0,1.0,0.0,0.7866137447630803,0.728718597854115,0.7708651471617347,0.903853374028759,0.7818756497802016,0.9193749169616294,0.9021134011455808,0.7736893418252989,0.9453496739175153,0.7776272181317636,1.0,0.0,1.0,0.0,0.0,0.0,1.0,4.0
5.0,0.0,1.0,0.0,0.0,0.0,1.0,0.0,0.0,1.0,1.0,0.0,0.0,0.0,1.0,0.0,0.0,1.0,1.0,0.0,1.0,0.0,1.0,0.0,1.0,0.0,0.7663618253501593,0.8972571653605982,0.7709710873231019,0.8823311803022812,0.7711432202906341,0.8825329423840574,0.7778389501686833,0.8678729054611223,0.7539033275127998,0.7982621341443447,1.0,0.0,1.0,0.0,0.0,0.0,1.0,4.0
5.0,0.0,1.0,0.0,0.0,0.0,1.0,0.0,0.0,1.0,1.0,0.0,0.0,0.0,1.0,0.0,0.0,1.0,1.0,0.0,1.0,0.0,1.0,0.0,1.0,0.0,0.7900357359070279,0.7279785778704347,0.7721126225488752,0.9038253348771739,0.7906622479491014,0.9208162174790094,0.9128468579865923,0.7736564266403767,0.9596400192833879,0.7795604838119348,1.0,0.0,1.0,0.0,0.0,0.0,1.0,4.0
5.0,0.0,1.0,0.0,0.0,0.0,1.0,0.0,0.0,1.0,1.0,0.0,0.0,0.0,1.0,0.0,0.0,1.0,1.0,0.0,1.0,0.0,1.0,0.0,1.0,0.0,0.7645044102484317,0.912494743736914,0.7699057072668055,0.8823316747430038,0.7714666806936051,0.8823802542957436,0.766089487888116,0.915487928339812,0.6883349999409599,0.788597528811288,1.0,0.0,1.0,0.0,0.0,0.0,1.0,4.0
5.0,0.0,1.0,0.0,0.0,0.0,1.0,0.0,0.0,1.0,1.0,0.0,0.0,0.0,1.0,0.0,0.0,1.0,1.0,0.0,1.0,0.0,1.0,0.0,1.0,0.0,0.7619078556866049,0.897862217925293,0.7706009400880215,0.8826211009459597,0.7708900596409066,0.8823774577905308,0.7768247683758613,0.9141976995342764,0.6370174331203431,0.8238345229740841,1.0,0.0,1.0,0.0,0.0,0.0,1.0,4.0
